subject,session,label,file,status,reason,sfreq,channels,channel_order_matches,source_epochs,samples_per_epoch,retained_duration_seconds,source_unit,reference,reader_warnings,set_sha256,fdt_sha256,metadata_sfreq,metadata_duration_seconds,metadata_sfreq_matches,candidate_segments,qc_pass_segments,rejected_segments,discarded_tail_samples,resampled,max_abs_uv
sub-01,ses-1,0,sub-01_ses-1.set,readable,,500.0,61,True,69,2000,276.0,uV (EEGLAB convention; raw metadata corroborates),average,,4b74b24828ba45380a5c2ddbe8cc0ea887384ae1b972c02b9ae304bf16676765,919747f22c05c1dbd7172933879a656423a5435597f6a181335e6aa4a90276e2,500,300,True,69,69,0,0,False,70.6325912475586
sub-01,ses-2,1,sub-01_ses-2.set,readable,,500.0,61,True,54,2000,216.0,uV (EEGLAB convention; raw metadata corroborates),average,,d94078f2c0377ac6c6f6507da0d1e18d7d9b4e54a7f63ea8bf3265910b381c96,9e9db5b04ce87604546daa42a4323da3ab0a9f2ac2b4d3f4711f45927e6f3b6a,500,300,True,54,54,0,0,False,45.37825393676758
sub-02,ses-1,0,sub-02_ses-1.set,readable,,500.0,61,True,70,2000,280.0,uV (EEGLAB convention; raw metadata corroborates),average,,3aa8d571870efa30cfbdda1ee3c68128c25fd5b5bc49b15ed4acb74e9e8fd605,d61a76368cfe5aea0df8005cb95c4d69e471b49d30bee793932bcf0d037ada6e,500,300,True,70,70,0,0,False,389.8620910644531
sub-02,ses-2,1,sub-02_ses-2.set,readable,,500.0,61,True,64,2000,256.0,uV (EEGLAB convention; raw metadata corroborates),average,,dd42f20ba5d635dbdeec1d1fc424c34b41845c46ea182612c17657a0928260e0,eaa3d051edbdff0d67591c0a8fdcfbb17bdc022d09c9e9d73d04f309cbf55874,500,300,True,64,64,0,0,False,317.3878479003906
sub-03,ses-1,0,sub-03_ses-1.set,readable,,500.0,61,True,73,2000,292.0,uV (EEGLAB convention; raw metadata corroborates),average,,cfc5fe9c4195a26358f2a05a41e2bcd3db46a87a62354b4ce182543651f30111,9d0c7cf702c9b56cc01283d182ac0924bbc2a1c23a3e1d4c0303ff3fd5cf2c97,500,300,True,73,73,0,0,False,213.80104064941406
sub-03,ses-2,1,sub-03_ses-2.set,readable,,500.0,61,True,70,2000,280.0,uV (EEGLAB convention; raw metadata corroborates),average,,cb4ff1cea39cc331ecc00627ff337ebb6be80b95930cb285c29b6cb166a3f9fd,c3e9d876bd2c00c701aad01731f7ff8f8aa96674770ae0176b762f7b795b6c97,500,300,True,70,70,0,0,False,102.48834991455078
sub-04,ses-1,0,sub-04_ses-1.set,readable,,500.0,61,True,4,2000,16.0,uV (EEGLAB convention; raw metadata corroborates),average,,e9f8c9fc13372356a0d1c87d2c9fad5ec1df2a0c2c895d74ea1966d2ecb8ba61,2050482343da37df281160798089afaff812647c25d30f8a12d06a64dfa2da99,500,300,True,4,4,0,0,False,47.06755828857422
sub-04,ses-2,1,sub-04_ses-2.set,readable,,500.0,61,True,62,2000,248.0,uV (EEGLAB convention; raw metadata corroborates),average,,7e5afb3d713fd1a0eceda193588293a202d35ba43efa66678143921c47b07d20,2ffe540ac6c4f1ba4a817d3a96a56c8682933dbceb067605bae2b355455bfdd3,500,300,True,62,62,0,0,False,228.98446655273438
sub-05,ses-1,0,sub-05_ses-1.set,readable,,500.0,61,True,65,2000,260.0,uV (EEGLAB convention; raw metadata corroborates),average,,31c22a93d9406422a912fddcc783dfaa4940b02662a5413bbf56c7eb240c48c0,d8fc4b20b0c841576938d315a13f2b3cd377328e409e93e19bb308a8e46df5ae,500,300,True,65,65,0,0,False,133.0184326171875
sub-05,ses-2,1,sub-05_ses-2.set,readable,,500.0,61,True,67,2000,268.0,uV (EEGLAB convention; raw metadata corroborates),average,,6f8e6ac90af0d412902c13bd82d4c76497105bffe0315376bf1efa510a3767a2,1004f99883ced8b3e382f8c74081003774d4786f12eb6045d936df95d7f03011,500,300,True,67,67,0,0,False,61.562828063964844
sub-06,ses-1,0,sub-06_ses-1.set,readable,,500.0,61,True,74,2000,296.0,uV (EEGLAB convention; raw metadata corroborates),average,,9efbc78cfaf9dd6cb64ed8dbe4bfcb16c789a2be5e854dc5e75862ec194a73fe,5399a167fe3bf3f442cc038ab61f29e1a9d5e41c78f8f4f676f437775fdb106b,500,300,True,74,74,0,0,False,114.13211822509766
sub-06,ses-2,1,sub-06_ses-2.set,readable,,500.0,61,True,64,2000,256.0,uV (EEGLAB convention; raw metadata corroborates),average,,50090a8025e64d352d78c890a4a54fe497ed658636307ef957aed71018369f8c,73ea5f76d6f6fc20171f283b17f3a8b49de673333310b92194fbf8f73032c17b,500,300,True,64,64,0,0,False,177.85092163085938
sub-07,ses-1,0,sub-07_ses-1.set,readable,,500.0,61,True,63,2000,252.0,uV (EEGLAB convention; raw metadata corroborates),average,,6532e6ca57d10a9226c1e324053bf1df352ef63bd81517a650e6cd6ab7ff4c74,8cd9c48bfa516002cd939cb5596b4fa886c4860a360f6b1ac857ba6586676b94,500,300,True,63,63,0,0,False,132.3788604736328
sub-07,ses-2,1,sub-07_ses-2.set,readable,,500.0,61,True,68,2000,272.0,uV (EEGLAB convention; raw metadata corroborates),average,,2c0d1ddc1bda4cf2a36c3debab23f0137d04248acf3362c59daab082134b45cc,2233122b4372385ef05ae6f36d5d64c9daa30884390305f02413a7013c6b2abf,500,300,True,68,68,0,0,False,252.45838928222656
sub-08,ses-1,0,sub-08_ses-1.set,readable,,500.0,61,True,65,2000,260.0,uV (EEGLAB convention; raw metadata corroborates),average,,357b7c1ea05e0a71af140a2d0c29aee0a4a407b3ab1ef059a2eaab1240f2bd6c,51fc68dea0230bf84ba0d8458169293a6a70376f4995969a00862ed281c4c361,500,300,True,65,65,0,0,False,100.21214294433594
sub-08,ses-2,1,sub-08_ses-2.set,readable,,500.0,61,True,62,2000,248.0,uV (EEGLAB convention; raw metadata corroborates),average,,325f4125e0c71fda063395059da185518d97838fca8ec45f10febc0d53c7ce85,16c68380b88c234619d3055bf63e893ec98fad273bad34f7e208f94a343be9a1,500,300,True,62,62,0,0,False,127.05136108398438
sub-09,ses-1,0,sub-09_ses-1.set,readable,,500.0,61,True,69,2000,276.0,uV (EEGLAB convention; raw metadata corroborates),average,,31be488d791b90d1197f41e50f6e52bc77a3658df3038ee2d6071e61dacdc4e3,fa37bfb7903b6c8dc19cf7f681bba04d0aaee2ca77d29391b00bdef3d56cc1b2,500,300,True,69,69,0,0,False,333.9406433105469
sub-09,ses-2,1,sub-09_ses-2.set,readable,,500.0,61,True,58,2000,232.0,uV (EEGLAB convention; raw metadata corroborates),average,,468859c6c49822c887c50b43cf35062fa916098c5b42c7bda82bf705a09a1eea,b2772c179c5e7a18656965912ff2be766893e006315eb3be89683d58244105bd,500,300,True,58,58,0,0,False,108.89944458007812
sub-10,ses-1,0,sub-10_ses-1.set,readable,,500.0,61,True,69,2000,276.0,uV (EEGLAB convention; raw metadata corroborates),average,,7b7ec6178a3b8ffe03d140a1bf99fde67dafe356c4f84147b1cdd4ee33092051,bbc09be7453bcecbd87b9d45edb326d18087e2639ac14ea30cbee6d487b149e2,500,300,True,69,69,0,0,False,72.70413970947266
sub-10,ses-2,1,sub-10_ses-2.set,readable,,500.0,61,True,71,2000,284.0,uV (EEGLAB convention; raw metadata corroborates),average,,0c9d1a195c5043fb2706bcf04553b6a6d8877b891da30baa06a0df602f35d3eb,ba8bebee78a8b803a4a0db3b6f3204df74445d31cf027257cee983bcbd7648c2,500,300,True,71,71,0,0,False,95.99156951904297
sub-11,ses-1,0,sub-11_ses-1.set,readable,,500.0,61,True,64,2000,256.0,uV (EEGLAB convention; raw metadata corroborates),average,,5d572279d77e86708e4bb3bf99119080b47be5c7765fea278c4679a5e9f130aa,e2dee4e6c59378b052276891af529d612021fd5fa3b8ad3f0f91cf1cc8188902,500,300,True,64,64,0,0,False,136.79409790039062
sub-11,ses-2,1,sub-11_ses-2.set,readable,,500.0,61,True,66,2000,264.0,uV (EEGLAB convention; raw metadata corroborates),average,,9d9905db5d63bdba8a6b45f1b0dfaaa5a5d1d4fbcfd3b06ad8b0c0c20e42002e,18d02685f0d2bacfeae772fdc35caed4e27cc45467630bf906793882b339d50a,500,300,True,66,66,0,0,False,154.41879272460938
sub-12,ses-1,0,sub-12_ses-1.set,readable,,500.0,61,True,57,2000,228.0,uV (EEGLAB convention; raw metadata corroborates),average,,30a159394b1c8b8cec7dd7fddab262a792ef5357c757eebc6b045aab4f61628c,f7f6c2f806172fdfc558878730abeecdcc5684d0de9b743cd96c8babbbf81c34,500,300,True,57,57,0,0,False,91.48957824707031
sub-12,ses-2,1,sub-12_ses-2.set,readable,,500.0,61,True,66,2000,264.0,uV (EEGLAB convention; raw metadata corroborates),average,,4571b74949959391980952e554542fb70f7400b5eed99931fc1c4ef8651c2c30,ccdfa83f0d034be73691986143ae524310c516a616f51808962f2e506a853cd6,500,300,True,66,66,0,0,False,150.11927795410156
sub-13,ses-1,0,sub-13_ses-1.set,readable,,500.0,61,True,72,2000,288.0,uV (EEGLAB convention; raw metadata corroborates),average,,a30e2f657cd33f1519fbd287428b0948b2f493d20529a8804f5ee9bd6ff8f006,16f975bdbe3dca5a396d5e321c57863b2fb67568b9e080d5baa7f11c4711e327,500,300,True,72,72,0,0,False,78.5439453125
sub-13,ses-2,1,sub-13_ses-2.set,readable,,500.0,61,True,69,2000,276.0,uV (EEGLAB convention; raw metadata corroborates),average,,d62ed460e818ce1b2629b5459a4a4509788380a1299540dc33f2bd34a1b78318,7720690e4b0cbab6b364bcd0d93a8397da29549c542a04872595b90862331027,500,300,True,69,69,0,0,False,194.1331787109375
sub-14,ses-1,0,sub-14_ses-1.set,readable,,500.0,61,True,71,2000,284.0,uV (EEGLAB convention; raw metadata corroborates),average,,7767635551d2e27eee6f720a1575646980880f11a1f6bc3d21b990647bd29af9,6d59f9b98e25d7e21f5404c2b9e1266d2c51a86743e47dc727e6b16b3a7454b9,500,300,True,71,71,0,0,False,258.4990539550781
sub-14,ses-2,1,sub-14_ses-2.set,readable,,500.0,61,True,70,2000,280.0,uV (EEGLAB convention; raw metadata corroborates),average,,d9d61238f27e1f89c6d4a52fa66078d2a806b1150b0472df1f1d50aec3d29165,615f2221838ca242de9edacc77516650fe27e720fad25a5c18165b056f0c0495,500,300,True,70,70,0,0,False,204.6217498779297
sub-15,ses-1,0,sub-15_ses-1.set,readable,,500.0,61,True,73,2000,292.0,uV (EEGLAB convention; raw metadata corroborates),average,,4e0ca24a7b9372dfd2c50b90045de8b4213657a527fffa89fc54ada1d3590c86,91ec03c44fb95679728db41a2c5e065b99a85b21acdfe36d841885775bcc566f,500,300,True,73,73,0,0,False,144.72633361816406
sub-15,ses-2,1,sub-15_ses-2.set,readable,,500.0,61,True,73,2000,292.0,uV (EEGLAB convention; raw metadata corroborates),average,,759b6a6e1c099d6895971f1454f8f576950ba0fad5a75aace35b7f566355b0f7,0e9c95080b9d8ae8ce9376d1b4896a054436783cb1852870283fcdafa97b8b2f,500,300,True,73,73,0,0,False,162.16001892089844
sub-16,ses-1,0,sub-16_ses-1.set,readable,,500.0,61,True,72,2000,288.0,uV (EEGLAB convention; raw metadata corroborates),average,,a5bdd91363a759944864d3b20c628b8f17ce581983289d6ca697ec9f1d453654,807bd72821e01ff2ceb09a9665c5bb3c4955f65f9930a92821b10e5ed8511f35,500,300,True,72,72,0,0,False,70.93250274658203
sub-16,ses-2,1,sub-16_ses-2.set,readable,,500.0,61,True,73,2000,292.0,uV (EEGLAB convention; raw metadata corroborates),average,,6ed3ecd4e0f44f7a4efe2f4271e03cff6c98e32c5ca16c7d972bd0c9904c3fd3,9a38f67559048cbaa0f553dadb70120982fef2f1721527b0646b39b1ae78ff05,500,300,True,73,73,0,0,False,103.59852600097656
sub-17,ses-1,0,sub-17_ses-1.set,readable,,500.0,61,True,73,2000,292.0,uV (EEGLAB convention; raw metadata corroborates),average,,42c191ddbb3b20a998b6935781e1b839c14ca9ebcc97d80a434e7af7086f1f8d,0de2508a6317c2979a115bc013e66a4e6c8b7370e03efe6678497fd6b93ff4e5,500,300,True,73,73,0,0,False,162.2212677001953
sub-17,ses-2,1,sub-17_ses-2.set,readable,,500.0,61,True,73,2000,292.0,uV (EEGLAB convention; raw metadata corroborates),average,,8778f017043c784ae123e7a9ec6c206d178554073d8fad399a237cea1f79df8e,9442a3d0363baf3fe8f5ea9dc3e3beb5a0697f9a5a09e5fbc92a5c53ee5ecb72,500,300,True,73,73,0,0,False,107.94522094726562
sub-18,ses-1,0,sub-18_ses-1.set,readable,,500.0,61,True,73,2000,292.0,uV (EEGLAB convention; raw metadata corroborates),average,,9ff076034b3807eb072b87c11d5f789e965804c28badd4294c5721934a5e5437,3b2d500b0634bf7891798ea6bee2aac47a9270a7125a77d51a265f39db5c0d4e,500,300,True,73,73,0,0,False,136.39151000976562
sub-18,ses-2,1,sub-18_ses-2.set,readable,,500.0,61,True,70,2000,280.0,uV (EEGLAB convention; raw metadata corroborates),average,,87773ac80f4a46306790ae21fa181e47184626d3c2135f4307cfbe756b44de44,2f0dd7ffca2a68420d40542a6e8258be760910f80ef73a6a18e07a7dbeeee108,500,300,True,70,70,0,0,False,88.14301300048828
sub-19,ses-1,0,sub-19_ses-1.set,readable,,500.0,61,True,72,2000,288.0,uV (EEGLAB convention; raw metadata corroborates),average,,18eabf08befbbf99af9b1323d3d8bed073917b0a67a1dd5cf23c24a462a3e520,6c298a013f77085d1b3b9839fe0311ec58e6a622bc5e2865729ef3c1d376c549,500,300,True,72,72,0,0,False,106.1134262084961
sub-19,ses-2,1,sub-19_ses-2.set,readable,,500.0,61,True,72,2000,288.0,uV (EEGLAB convention; raw metadata corroborates),average,,d3f1f640592a4686d0424d7560e1e85cee11bc9c9d5b05ff521b425b897d7072,f3f5dac7f9d65746b5a5ada9e8ff25e356c37ec90192682c21b904dfd87134d7,500,300,True,72,72,0,0,False,148.4665985107422
sub-20,ses-1,0,sub-20_ses-1.set,readable,,500.0,61,True,74,2000,296.0,uV (EEGLAB convention; raw metadata corroborates),average,,a54f8442385154997a63aceeada32dc4a2bcd896d6f2a1d16ef469b83033dad8,19a594d6f473787d1d658cfea2572c34dd4d06bf0d25fd76a46577436d3476ca,500,300,True,74,74,0,0,False,95.95117950439453
sub-20,ses-2,1,sub-20_ses-2.set,readable,,500.0,61,True,69,2000,276.0,uV (EEGLAB convention; raw metadata corroborates),average,,e7437ccd7b511347eb3828e5888403d05ea7df8890c94252eaabaeaa420f6ec5,fa45ea483d41e09d75b13b9986873d7070a98fbf2f13a4d4b28249fed02f51ad,500,300,True,69,69,0,0,False,238.7482147216797
sub-21,ses-1,0,sub-21_ses-1.set,readable,,500.0,61,True,63,2000,252.0,uV (EEGLAB convention; raw metadata corroborates),average,,f861cad30f96f85499790bcf205d308b09a70098d117b2f968f797fc5fbf88be,b4fabd4df969d6e65d3232fb8c870eb62197d6c068738b24d7a31d1c96ced292,500,300,True,63,63,0,0,False,248.4638671875
sub-21,ses-2,1,sub-21_ses-2.set,readable,,500.0,61,True,64,2000,256.0,uV (EEGLAB convention; raw metadata corroborates),average,,118aa97d06f4f1a5aaae8d04ffd5f8accf9027965af5e44d3aafc53ae4d1c94f,c5eec32aa858a7d7dddbd792fabda9624cedd597b0eaced3051baa5828f22e6f,500,300,True,64,64,0,0,False,207.90040588378906
sub-22,ses-1,0,sub-22_ses-1.set,readable,,500.0,61,True,73,2000,292.0,uV (EEGLAB convention; raw metadata corroborates),average,,bd939ca999b15cfd712f5c86fd6f8ea481d85a0ccbb1afdb718d269633eff4da,c424142e77a1b680ad21a46eddc28060b79a01202007e5b16d9f3060b151c6a3,500,300,True,73,73,0,0,False,134.38055419921875
sub-22,ses-2,1,sub-22_ses-2.set,readable,,500.0,61,True,73,2000,292.0,uV (EEGLAB convention; raw metadata corroborates),average,,34a7b16f2391fdad49956a4933363be53c09f76fbde720f65a792dc1af2ff6e7,d2544f99a569084e4a53d4c0a404ee142950dcce18316e10867917ac70da3d54,500,300,True,73,73,0,0,False,78.62421417236328
sub-23,ses-1,0,sub-23_ses-1.set,readable,,500.0,61,True,74,2000,296.0,uV (EEGLAB convention; raw metadata corroborates),average,,7b561ae25314876f9850fb60ea02b3c975bae9eca21d72beda63c9bc2af19d7f,d66cbdd1718cbb528353e82a970834013a8c598f8448158b78c98926c4b6f4d5,500,300,True,74,74,0,0,False,80.25711059570312
sub-23,ses-2,1,sub-23_ses-2.set,readable,,500.0,61,True,74,2000,296.0,uV (EEGLAB convention; raw metadata corroborates),average,,81ea35c44ce368a0a6e32694a00539b519e55f518e041f9211e38138c6b5df72,66b26735c967dde1a998ac74f2d29c554a3986ba8fd8e3a20d97f19193463e8c,500,300,True,74,74,0,0,False,95.88279724121094
sub-24,ses-1,0,sub-24_ses-1.set,readable,,500.0,61,True,72,2000,288.0,uV (EEGLAB convention; raw metadata corroborates),average,,152d5af28b5eeb70b409555a38fd401788b6b0c8b1b1e529016e91cd85a3b84a,fb5ef30e82f1da8e7e68c5d8d66a9fc0d43b6aacaab2c99fff1f680a431e81a3,500,300,True,72,72,0,0,False,87.33280944824219
sub-24,ses-2,1,sub-24_ses-2.set,readable,,500.0,61,True,70,2000,280.0,uV (EEGLAB convention; raw metadata corroborates),average,,5b4cf8c00ce8f952b39328dcebadbd48df788c76d11b26bf02299a7941842da8,4dcbcd6643c9f5bfffa2cba49e3fdcc1b87155ea59bad49feb0b30e1866b3137,500,300,True,70,70,0,0,False,235.6160888671875
sub-25,ses-1,0,sub-25_ses-1.set,readable,,500.0,61,True,73,2000,292.0,uV (EEGLAB convention; raw metadata corroborates),average,,e5d46c29189c87af2eaec266b7ea2ca6eb57d52c025e6816eb87d2bf3fece9d2,7bdb417326d66ef34d2276cbbeb746af4b5f9ca31726bc10a9c807f0bf7e2418,500,300,True,73,73,0,0,False,172.35484313964844
sub-25,ses-2,1,sub-25_ses-2.set,readable,,500.0,61,True,73,2000,292.0,uV (EEGLAB convention; raw metadata corroborates),average,,9f716a8fed63ce33252607b6076c7dcd39bf1df3eb96eb9ed2e80d7f93c61234,5c399f70187b75108a70ad0eedffbfe5509b8acc932c78ae1daff0000e173dd9,500,300,True,73,73,0,0,False,141.58253479003906
sub-26,ses-1,0,sub-26_ses-1.set,readable,,500.0,61,True,73,2000,292.0,uV (EEGLAB convention; raw metadata corroborates),average,,9508d5f2d0689ba68f78b0a3b9f99b8210dc1635e049cb794972a01d9fd744c8,f6d77b89c25c646b6f36dbd5c7b88de2484999a71b434255982f0a1eda3aa6a8,500,300,True,73,73,0,0,False,101.68693542480469
sub-26,ses-2,1,sub-26_ses-2.set,readable,,500.0,61,True,74,2000,296.0,uV (EEGLAB convention; raw metadata corroborates),average,,3e0259ef65b4249cba9552a56590cb0b26336215a11bfd624053d99f95c1e12f,fd33b053645cf63ea6e581188cae82cfb1bae3d098be4096e821bdd409b17e1f,500,300,True,74,74,0,0,False,69.56761932373047
sub-27,ses-1,0,sub-27_ses-1.set,readable,,500.0,61,True,73,2000,292.0,uV (EEGLAB convention; raw metadata corroborates),average,,0ae2e180795b7fd2eef059d4e20731c31099b6cb365875c7327766cfec94751b,44691f58ed0aafddd62707ebc58f339193570c3847db27668778257a5c7d648a,500,300,True,73,73,0,0,False,102.72940063476562
sub-27,ses-2,1,sub-27_ses-2.set,readable,,500.0,61,True,74,2000,296.0,uV (EEGLAB convention; raw metadata corroborates),average,,99febc87036bc61dd05898869d27bd840ec4ff6cfa5e2246d4b17e51573e57b1,eb3717ab9dd7033c89b7e18c9b4bef064629dcd8d4a30ce739e39aff7f8c585f,500,300,True,74,74,0,0,False,121.0743637084961
sub-28,ses-1,0,sub-28_ses-1.set,readable,,500.0,61,True,74,2000,296.0,uV (EEGLAB convention; raw metadata corroborates),average,,1e72866f59395f50545de50c10c05b158974cf1927a1ade732d490bcd4f63340,2b887550f98c32a9ac0756033cc5ba3be85ffc27b7604f3022d3d632a21b8301,500,300,True,74,74,0,0,False,351.9365234375
sub-28,ses-2,1,sub-28_ses-2.set,readable,,500.0,61,True,58,2000,232.0,uV (EEGLAB convention; raw metadata corroborates),average,,cc642ccb3ee4c9ee9df59efb14fe3028b891458989e138f4a9d2788cd78c04d4,66ececcc4e42241c5c608aca140b3678b2c917e76a7d7fbe66d20dc1b80b30d0,500,300,True,58,57,1,0,False,611.569091796875
sub-29,ses-1,0,sub-29_ses-1.set,readable,,500.0,61,True,72,2000,288.0,uV (EEGLAB convention; raw metadata corroborates),average,,e89da2afd5858eafd8703beb172275427078539270a78a59424362d68ebe3cc1,4b548b3211c62cf72a6f59fe483bbd0ea23bb172d433c61a439493647bbba64e,500,300,True,72,72,0,0,False,293.2307434082031
sub-29,ses-2,1,sub-29_ses-2.set,readable,,500.0,61,True,74,2000,296.0,uV (EEGLAB convention; raw metadata corroborates),average,,caff3fdb733532357440e12e24a84a30d63c91a9fc98039c2ee3d049bc54fd90,6da80f59a331b7547a35c663ceb77e365ae90b6245ac733e575aaeb5a745d30a,500,300,True,74,74,0,0,False,142.06724548339844
sub-30,ses-1,0,sub-30_ses-1.set,readable,,500.0,61,True,73,2000,292.0,uV (EEGLAB convention; raw metadata corroborates),average,,b9399539e4b60872fbcb7fcdb24e5ad2dd967bbbcb930c576fcfc5fd88640412,3b02eb5fb2e5a797dc78e9104accaaeaed9f319162ef00d671bf38f726413e81,500,300,True,73,73,0,0,False,236.6631622314453
sub-30,ses-2,1,sub-30_ses-2.set,readable,,500.0,61,True,73,2000,292.0,uV (EEGLAB convention; raw metadata corroborates),average,,c49fb760396ad7534950254992f958a7ed38db6415dbfade4be4c1539f1a97b6,a59c4222da496d89e969686675a45fca9f7b2ea144231c1d81fa42c38be94134,500,300,True,73,73,0,0,False,108.51726531982422
sub-31,ses-1,0,sub-31_ses-1.set,readable,,500.0,61,True,73,2000,292.0,uV (EEGLAB convention; raw metadata corroborates),average,,d2034b732203fe7dca29a58e8f0a3244f54f1dd4d52069d83c5aae5369a02147,13d75a836df14cedebbfc5fc6c9915dbc3653abb469f1b0e5fa2f49405e33bbc,500,300,True,73,73,0,0,False,136.8917236328125
sub-31,ses-2,1,sub-31_ses-2.set,readable,,500.0,61,True,71,2000,284.0,uV (EEGLAB convention; raw metadata corroborates),average,,c8ffdc81d5ecd83e738e192d11b4708715cc34ef321d5524fd79bbecd83ef49b,449303bcd8e0b9d54af1541009292fffe8e95cd9dde7b4082ba9004d1449af46,500,300,True,71,71,0,0,False,241.41966247558594
sub-32,ses-1,0,sub-32_ses-1.set,readable,,500.0,61,True,68,2000,272.0,uV (EEGLAB convention; raw metadata corroborates),average,,fd34b1de6134f0dd3d167c7f70c7fe0576e55c49f80d5fe0c88215b2a4cdf089,090df270ba716ea0b1fe5760bcba7e05cdc0b487b12ef8bb14cf022d2556e6c2,500,300,True,68,68,0,0,False,330.5186462402344
sub-32,ses-2,1,sub-32_ses-2.set,readable,,500.0,61,True,71,2000,284.0,uV (EEGLAB convention; raw metadata corroborates),average,,d172c10717103e18d46805715a52a0ad37c00330c7348d78259e9dae52b3469b,05c42ba9c17524421e05f582e02fcf80bb787b6e2377e1e7021b99c26394a135,500,300,True,71,65,6,0,False,975.5214233398438
sub-33,ses-1,0,sub-33_ses-1.set,readable,,500.0,61,True,73,2000,292.0,uV (EEGLAB convention; raw metadata corroborates),average,,0cb4b7677ab92ea29784013a1c5ee957cc7c49864576542b82a7a6e1b58bb9b1,c5c50133b7ed07641d1ef650affc9c0b7dfc599c185bf7f15415254c42706cb0,500,300,True,73,73,0,0,False,260.6382751464844
sub-33,ses-2,1,sub-33_ses-2.set,readable,,500.0,61,True,72,2000,288.0,uV (EEGLAB convention; raw metadata corroborates),average,,248c7be862446b9a2afc20405d495c1f31a9b46ac8386b4c5049a8592fca6042,cd921395ac7263f6a65fb0660a04710ad34bcbf42a75a5bcb178d614086b7d28,500,300,True,72,72,0,0,False,102.75041198730469
sub-34,ses-1,0,sub-34_ses-1.set,readable,,500.0,61,True,72,2000,288.0,uV (EEGLAB convention; raw metadata corroborates),average,,b0461f56d5f62fe0639a00d6add99920781dc5faf83e630f1bc31188f4da0c7f,650ff27134dbb81b097b3e5f4ff3d13a30a1cf67c364853d2a9d53cec7480c28,500,300,True,72,72,0,0,False,97.14655303955078
sub-34,ses-2,1,sub-34_ses-2.set,readable,,500.0,61,True,73,2000,292.0,uV (EEGLAB convention; raw metadata corroborates),average,,08e59b2824f54af1840968d8aa5244f7cc9dc9662554196f2a92c569c3c81bfa,4a93fc073ef30bc5faaf2428d250a6860fff92b09426dcd10ca3861133550b9c,500,300,True,73,73,0,0,False,159.28836059570312
sub-35,ses-1,0,sub-35_ses-1.set,readable,,500.0,61,True,73,2000,292.0,uV (EEGLAB convention; raw metadata corroborates),average,,e85821608683036de1ca63d82f9942e7a4e14ce9e9c2d764392b4974284a90da,07c11fbab1464a8573602cd92cf9be94f4df6c88d4cf3eda177f3a2fe45c8ab0,500,300,True,73,73,0,0,False,398.4502258300781
sub-35,ses-2,1,sub-35_ses-2.set,readable,,500.0,61,True,73,2000,292.0,uV (EEGLAB convention; raw metadata corroborates),average,,6720d73fb03d3dcea053e6001a277f7fe86ad0e83a1118115a9361719b989c42,c1493f523d026992b848604747d9f1a4ac0426246bfa2d1785bd66ebbcd77443,500,300,True,73,73,0,0,False,102.16083526611328
sub-36,ses-1,0,sub-36_ses-1.set,readable,,500.0,61,True,73,2000,292.0,uV (EEGLAB convention; raw metadata corroborates),average,,83bc7070f045af89e49af787694894f9dabc4894c6ca33be059e7bdf7f51e076,04d16cdfe558bed25fb8ca44dbb754fb431fe89d2fac53c29c4537c0e1892f7d,500,300,True,73,73,0,0,False,211.71841430664062
sub-36,ses-2,1,sub-36_ses-2.set,readable,,500.0,61,True,72,2000,288.0,uV (EEGLAB convention; raw metadata corroborates),average,,fbdc72208c70b0e061faa0874d8af3201bafc4828a6007889c938a33e7b374f4,caa8e7fb5a3e623574b0e48e099d529e6c8950d3407988642c36dc4e0306906d,500,300,True,72,72,0,0,False,81.70296478271484
sub-37,ses-1,0,sub-37_ses-1.set,readable,,500.0,61,True,71,2000,284.0,uV (EEGLAB convention; raw metadata corroborates),average,,d0e13211a1c87a39e35e3daa90a9b770bca2152183195fc296af460e283a17f5,70c58e52941aa2f1b385eac6e6dd9983210c6eb0b388a6aac3aa36b7262ee40f,500,300,True,71,71,0,0,False,119.17984771728516
sub-37,ses-2,1,sub-37_ses-2.set,readable,,500.0,61,True,65,2000,260.0,uV (EEGLAB convention; raw metadata corroborates),average,,7702b5bcf8f8dbc459a1c0181ee433701de2eeac25ce3e37ff2f26fc7a65a86f,0bf3b9a028dd45694d54d3e65801949b97ed7e686ca77c0d1d10adff157831d1,500,300,True,65,51,14,0,False,926.9505615234375
sub-38,ses-1,0,sub-38_ses-1.set,readable,,500.0,61,True,71,2000,284.0,uV (EEGLAB convention; raw metadata corroborates),average,,55e696b87a258bbfa3ad7f8fef60ae66f827b083fca59667accbbf05f34b5176,540a388f341ee80f532c2caa2f5b40ce264fe3ee2beaa1a2085ab2bcd1101eb0,500,300,True,71,71,0,0,False,110.92420959472656
sub-38,ses-2,1,sub-38_ses-2.set,readable,,500.0,61,True,72,2000,288.0,uV (EEGLAB convention; raw metadata corroborates),average,,3daace7061621fb6c8db1c0514d7529a2e75aca77063284703ee07bcb21c0cab,f43b08a204ad0314c49d1975238ef28ef2d2004f6c5580d812e6475de19d9b2f,500,300,True,72,72,0,0,False,183.30796813964844
sub-39,ses-1,0,sub-39_ses-1.set,readable,,500.0,61,True,71,2000,284.0,uV (EEGLAB convention; raw metadata corroborates),average,Complex objects (like classes) are not supported. They are imported on a best effort base but your mileage will vary.,38fd9731fb347a7b32b218cb78d3e1fe9bc5e22608b7bfd5a646fefa6c301fa8,de4489ced5e4388958946d62f266ec66626c343fb37af636141e6bb96cf1c819,500,300,True,71,71,0,0,False,325.9779052734375
sub-39,ses-2,1,sub-39_ses-2.set,excluded,ValueError: source_sfreq_excluded_by_config,5000.0,,,,,,,,,,,,,,,,,,,
sub-40,ses-1,0,sub-40_ses-1.set,readable,,500.0,61,False,73,2000,292.0,uV (EEGLAB convention; raw metadata corroborates),average,Complex objects (like classes) are not supported. They are imported on a best effort base but your mileage will vary.,c3ed6b50c265f660667fdfcabf303fd5427da40b41f7e43f920bfd983ec5308d,cabdcd27f973e8175e08d25eaee29a28d1c46753b7208c52da68bfa70da0d16b,500,300,True,73,73,0,0,False,217.3527069091797
sub-40,ses-2,1,sub-40_ses-2.set,readable,,500.0,61,False,70,2000,280.0,uV (EEGLAB convention; raw metadata corroborates),average,Complex objects (like classes) are not supported. They are imported on a best effort base but your mileage will vary.,8a013ffea09f6469b2c1a5673d7188f2cd87b8b925a07dc6841e97f903efdd61,7084cb15a15aaa7411b8f6b283fbb7b30cf0133fe20564519f88371e037582d7,500,300,True,70,70,0,0,False,233.12411499023438
sub-41,ses-1,0,sub-41_ses-1.set,readable,,500.0,61,True,69,2000,276.0,uV (EEGLAB convention; raw metadata corroborates),average,Complex objects (like classes) are not supported. They are imported on a best effort base but your mileage will vary.,56c4416fd082ae2c7dc029f2c0393e587c3dc067e6d94101473f24fa93b43f4b,7f4bff2fc1aafabb79de6dfda1812a0a0c528cc3333da28eeb2e6855805e7592,500,300,True,69,69,0,0,False,313.4296875
sub-41,ses-2,1,sub-41_ses-2.set,readable,,500.0,61,True,67,2000,268.0,uV (EEGLAB convention; raw metadata corroborates),average,Complex objects (like classes) are not supported. They are imported on a best effort base but your mileage will vary.,acebe434427c3b69fa1a0488979ee531cacb6cfe05cfa1c78b07e268f1ff874b,2a01cb4a40704e143dc28663f9e1de06cafe2ce6f2345ec3d9a5e38775299a1e,500,300,True,67,67,0,0,False,110.35065460205078
sub-42,ses-1,0,sub-42_ses-1.set,readable,,500.0,61,True,71,2000,284.0,uV (EEGLAB convention; raw metadata corroborates),average,,dd668c91be3bb15c92ff7fb0e01c827b862bcfb30633bb6d5a9b44a57a332831,e0774b192346dbc25f72dbd21cc739448ea5f6c8a941731517b43bc7d445098d,500,300,True,71,71,0,0,False,223.9603271484375
sub-42,ses-2,1,sub-42_ses-2.set,readable,,500.0,61,True,67,2000,268.0,uV (EEGLAB convention; raw metadata corroborates),average,Complex objects (like classes) are not supported. They are imported on a best effort base but your mileage will vary.,9eb4a1fc735a5ac2bcea65654b351ce3c959fe9e4d8fe73d766f494ea51622c7,3f753629e27c0ab6e47eff6586ee50f2afba05e0cf21dffff55320276aea2238,500,300,True,67,67,0,0,False,183.18885803222656
sub-43,ses-1,0,sub-43_ses-1.set,readable,,500.0,61,True,70,2000,280.0,uV (EEGLAB convention; raw metadata corroborates),average,Complex objects (like classes) are not supported. They are imported on a best effort base but your mileage will vary.,b22c145cc0cca23201b2117442db693e0f7f01688ef916e70011b8fa1f296dd4,59a435b1bb12f6d71016ddc05783d5869c13487be582dac7dd5a3d4b4896e13b,500,300,True,70,70,0,0,False,170.049560546875
sub-43,ses-2,1,sub-43_ses-2.set,excluded,ValueError: source_sfreq_excluded_by_config,5000.0,,,,,,,,,,,,,,,,,,,
sub-44,ses-1,0,sub-44_ses-1.set,readable,,500.0,61,True,73,2000,292.0,uV (EEGLAB convention; raw metadata corroborates),average,Complex objects (like classes) are not supported. They are imported on a best effort base but your mileage will vary.,0d7f64c326cde7d520156ba1056f42441c66c3226714193355b4e52a826f2916,5510639036dbccf428880b8da0cba1d6785db2379169e4244ab60c13d5087fed,500,300,True,73,73,0,0,False,74.78010559082031
sub-44,ses-2,1,sub-44_ses-2.set,excluded,ValueError: source_sfreq_excluded_by_config,5000.0,,,,,,,,,,,,,,,,,,,
sub-45,ses-1,0,sub-45_ses-1.set,readable,,500.0,61,True,68,2000,272.0,uV (EEGLAB convention; raw metadata corroborates),average,Complex objects (like classes) are not supported. They are imported on a best effort base but your mileage will vary.,2d7bc8158f7f8d4636bcd099262c343e2bb1457ca9818031f670c3cdf78c8eb1,67536f0ee39a617fedd8a86111b397fab2e3cf9d1d76f490e0e9a63a77ca2598,500,300,True,68,68,0,0,False,107.21892547607422
sub-45,ses-2,1,sub-45_ses-2.set,readable,,500.0,61,True,73,2000,292.0,uV (EEGLAB convention; raw metadata corroborates),average,Complex objects (like classes) are not supported. They are imported on a best effort base but your mileage will vary.,13f5a485c8dcf03e9f1030ce0281bcec97fb441add052bb7364c1a2117413c8b,13d8fe6f713ac79ac46360866729a6e303b32afd5119cc8031cdcd5d77ee4bec,500,300,True,73,73,0,0,False,79.96177673339844
sub-46,ses-1,0,sub-46_ses-1.set,readable,,500.0,61,True,70,2000,280.0,uV (EEGLAB convention; raw metadata corroborates),average,Complex objects (like classes) are not supported. They are imported on a best effort base but your mileage will vary.,282bb3abf50c4461b12240575f8f629b81fedda93720c7284e4aa72de67b02ce,55a1e9df2e7e094d73543385dece77680d8c612236af4f3ad7b456250da31a1b,500,300,True,70,70,0,0,False,195.7393341064453
sub-46,ses-2,1,sub-46_ses-2.set,readable,,500.0,61,True,60,2000,240.0,uV (EEGLAB convention; raw metadata corroborates),average,Complex objects (like classes) are not supported. They are imported on a best effort base but your mileage will vary.,46ae93f5603fb080185fb38ed4a37e67f69036d3d2f19d64316ecc691b7b21c0,1f248ff9d1a750765e695a803bca832c63317501cd0166642f330af206a32289,500,295.84,True,60,60,0,0,False,134.74838256835938
sub-47,ses-1,0,sub-47_ses-1.set,readable,,500.0,61,True,73,2000,292.0,uV (EEGLAB convention; raw metadata corroborates),average,,0743b6ca0fc41bb27cef1898ce28ecc1598f198856f2ba99bfeee0532fa123c5,18c67c39127cad7fc9e993706b20ab4868060343f69042e2a47b538e892374a7,500,300,True,73,73,0,0,False,191.0199737548828
sub-47,ses-2,1,sub-47_ses-2.set,readable,,500.0,61,False,72,2000,288.0,uV (EEGLAB convention; raw metadata corroborates),average,,a996ad9ac2403f03c5f2938cad726cc9761238dbd2625a4715f175d7e60434af,d2fe4511093b8328c0b806dae5b9eb8d24b1ce3582bcc1ace2fb5284eef1bc0a,500,300,True,72,72,0,0,False,325.3104553222656
sub-48,ses-1,0,sub-48_ses-1.set,readable,,500.0,61,True,74,2000,296.0,uV (EEGLAB convention; raw metadata corroborates),average,Complex objects (like classes) are not supported. They are imported on a best effort base but your mileage will vary.,9f7fd15e8c5ef7b6b8e841786cd0b67317489de5c57de54697a6db7bfa7d6843,e8e633287784575212d63a6f1ef1f4314831c8bc4c36c9278d72d82088195358,500,300,True,74,74,0,0,False,314.2311706542969
sub-48,ses-2,1,sub-48_ses-2.set,readable,,500.0,61,True,71,2000,284.0,uV (EEGLAB convention; raw metadata corroborates),average,,43877fc819c98e2136fb3a3a65de18fbe015d2621f08d7335eeaa02e394d5ffe,ebc969cc49c19c5154e5ef4e8edac49d3b010c42eda383240d02a62b73fb6dd1,500,300,True,71,71,0,0,False,361.7201232910156
sub-49,ses-1,0,sub-49_ses-1.set,readable,,500.0,61,True,73,2000,292.0,uV (EEGLAB convention; raw metadata corroborates),average,Complex objects (like classes) are not supported. They are imported on a best effort base but your mileage will vary.,fa4935cd2636e72ab6e98ee5c07f62d248c3e16b04c4a89751bc9fe371c3c03c,511510eb49b0336eff623489863e3350f1deec8e77e7028edcb62fd63d3cca0e,500,300,True,73,73,0,0,False,57.01615905761719
sub-49,ses-2,1,sub-49_ses-2.set,readable,,500.0,61,False,73,2000,292.0,uV (EEGLAB convention; raw metadata corroborates),average,,a109bff333e58e2a61ea540b6aae1c9844549cca2fb623388e53d19544bbc2c0,45203f1ba0305e1d6d45681075d3d44809324513517f88b3cadb6c066f0bbd1b,500,300,True,73,73,0,0,False,136.47508239746094
sub-50,ses-1,0,sub-50_ses-1.set,readable,,500.0,61,True,70,2000,280.0,uV (EEGLAB convention; raw metadata corroborates),average,,9bcc32ab95f6966764fd663cbf48ee61d5c7e99741a4546477370ed2cd7c2861,42062f329d312d7e1530a17a08a30f0818643e9422aa58d5ecfd84b4e86aae26,500,300,True,70,70,0,0,False,313.826416015625
sub-50,ses-2,1,sub-50_ses-2.set,readable,,500.0,61,False,72,2000,288.0,uV (EEGLAB convention; raw metadata corroborates),average,Complex objects (like classes) are not supported. They are imported on a best effort base but your mileage will vary.,acc596873e4c0a721f55ce7851cb8a16b472ed2e25f308e6195ffcd49a7c47e9,a93b1f871727f415fb10fe4c389c1b5af698ce6ea63e12a4bde63bcd1ab0a99e,500,300,True,72,71,1,0,False,515.5079956054688
sub-51,ses-1,0,sub-51_ses-1.set,readable,,500.0,61,True,70,2000,280.0,uV (EEGLAB convention; raw metadata corroborates),average,Complex objects (like classes) are not supported. They are imported on a best effort base but your mileage will vary.,818945fc256dc70a461a0a3d03babd73da28c71320ff82bb48ba0d0e46abea52,19fe0562fce5b672bce948b948c21b1e6074af971e7048fd47142948bca9be49,500,300,True,70,70,0,0,False,117.07330322265625
sub-51,ses-2,1,sub-51_ses-2.set,readable,,500.0,61,False,67,2000,268.0,uV (EEGLAB convention; raw metadata corroborates),average,Complex objects (like classes) are not supported. They are imported on a best effort base but your mileage will vary.,19779fb453d77b88ceadf6e0e41e4ab76a86408a98855a20b17af6c0c65ac297,51fb7351c18414e143095be8f7790b96a230e2a0cf9f1f170055afaf0fbaf1d8,500,290.84,True,67,67,0,0,False,105.92796325683594
sub-52,ses-1,0,sub-52_ses-1.set,readable,,500.0,61,True,72,2000,288.0,uV (EEGLAB convention; raw metadata corroborates),average,Complex objects (like classes) are not supported. They are imported on a best effort base but your mileage will vary.,a25f6ea5e29f2db89756508a32e44b36dfd1642222803be96dfe154f12c0b06e,78e4f08dddf5d54ed2e1591bd3fd78c5e5819e1b1a2747a3d87d90db374e21a9,500,300,True,72,72,0,0,False,92.1235122680664
sub-52,ses-2,1,sub-52_ses-2.set,readable,,500.0,61,True,79,2000,316.0,uV (EEGLAB convention; raw metadata corroborates),average,Complex objects (like classes) are not supported. They are imported on a best effort base but your mileage will vary.,3234f94318b38f1abbca79ed67a62f3e1ac0a860c216254e867e4d79b9e6732b,17f58b4bb78a478b3fa100882be2c5668deb6117f3e541f200c268ee5f4883dc,500,364.78,True,79,79,0,0,False,108.71114349365234
sub-53,ses-1,0,sub-53_ses-1.set,readable,,500.0,61,False,72,2000,288.0,uV (EEGLAB convention; raw metadata corroborates),average,Complex objects (like classes) are not supported. They are imported on a best effort base but your mileage will vary.,143148af693183dfc8ed8eb0414feb23d64c088a97160ec51adf8d3b3d8ec143,c2229e5314afbbfa5e42e9e81be1b020d24c3efbafa5d6dfe48a0604b61a6bb1,500,300,True,72,72,0,0,False,316.56903076171875
sub-53,ses-2,1,sub-53_ses-2.set,readable,,500.0,61,False,72,2000,288.0,uV (EEGLAB convention; raw metadata corroborates),average,Complex objects (like classes) are not supported. They are imported on a best effort base but your mileage will vary.,17ac4fe9906e79e1fae9c9aef73ede90d23e495c92fbedcb6e70ae6260cb65dd,ddb251c6ef59dc39f20f6736b1509f7a52eab67fc475ce53144089f1ee0751f0,500,300,True,72,72,0,0,False,162.65380859375
sub-54,ses-1,0,sub-54_ses-1.set,readable,,500.0,61,True,71,2000,284.0,uV (EEGLAB convention; raw metadata corroborates),average,Complex objects (like classes) are not supported. They are imported on a best effort base but your mileage will vary.,718104779c1e37c23a1d93bd5225ec9120a44ffec586d0f4092521bf35140031,3cdfebb74c5252a15be41719e2a4d5f8e4fe3d1d68896be3abe407f8f81a258d,500,300,True,71,64,7,0,False,791.3562622070312
sub-54,ses-2,1,sub-54_ses-2.set,readable,,500.0,61,True,63,2000,252.0,uV (EEGLAB convention; raw metadata corroborates),average,Complex objects (like classes) are not supported. They are imported on a best effort base but your mileage will vary.,24478630f294e411287aeb8ae7eb2284be04b0be6e2128d22d1117f52ac907cf,26f54ba769c92278f05af1db4bd99fce1e9e93d681c436fb6334de44d1aca89d,500,300,True,63,63,0,0,False,349.6579895019531
sub-55,ses-1,0,sub-55_ses-1.set,readable,,500.0,61,True,74,2000,296.0,uV (EEGLAB convention; raw metadata corroborates),average,Complex objects (like classes) are not supported. They are imported on a best effort base but your mileage will vary.,a113d0bd3a07ebd948497cc5d33ed7cbd37d9e0c89b626d3ba094daf39ec7567,705efc1d4365c1d23a0c712a2a09b9c1cc5be80a035fefbf8d2f98643f34c424,500,300,True,74,74,0,0,False,62.86390686035156
sub-55,ses-2,1,sub-55_ses-2.set,readable,,500.0,61,False,73,2000,292.0,uV (EEGLAB convention; raw metadata corroborates),average,Complex objects (like classes) are not supported. They are imported on a best effort base but your mileage will vary.,b5359623bccf9dc1b35933be14574777a485809f83d14c6b1ec537804e691cf0,16f72d4870378f79e68a9caa45afa85a6f9481cd67263a347faba42e445fca23,500,300,True,73,73,0,0,False,137.2959747314453
sub-56,ses-1,0,sub-56_ses-1.set,readable,,500.0,61,True,72,2000,288.0,uV (EEGLAB convention; raw metadata corroborates),average,Complex objects (like classes) are not supported. They are imported on a best effort base but your mileage will vary.,1dc225d5928f21cb83cbe31d72a0275b7a0a74ccd2e86f9ad6750536dc455b0a,8a7e6a44a997a9ccaae019f2c168d74a827c73a68f6b4fc641959bc0eb1df8fe,500,300,True,72,72,0,0,False,90.53943634033203
sub-56,ses-2,1,sub-56_ses-2.set,readable,,500.0,61,True,72,2000,288.0,uV (EEGLAB convention; raw metadata corroborates),average,Complex objects (like classes) are not supported. They are imported on a best effort base but your mileage will vary.,486ee5c93fee793da35e047a392c89a28405a7fa0ab3ca5dc2ca00b5ae6295a7,5fe7c5c10569d3e40b55ba062b7f9093a06c8dbda152fbfbfd44d6c0beed9b80,500,300,True,72,72,0,0,False,204.69320678710938
sub-57,ses-1,0,sub-57_ses-1.set,readable,,500.0,61,True,71,2000,284.0,uV (EEGLAB convention; raw metadata corroborates),average,,f3293a42d00c1d193b7e89f350f0263bbcf8b956a2feb627a369036d3a408370,38105cd6312b9a61151a6927929d2208c9430fd61a97d01ec8c6daac66b0728a,500,300,True,71,71,0,0,False,79.52857208251953
sub-57,ses-2,1,sub-57_ses-2.set,readable,,500.0,61,False,56,2000,224.0,uV (EEGLAB convention; raw metadata corroborates),average,Complex objects (like classes) are not supported. They are imported on a best effort base but your mileage will vary.,314a2b65e371024c2b84fed6be2368e87e35eb89200811af79936574d57bbe05,3291054aa3482b454cc237ea1718e8f76efc56e1bee8f48bc90d80ba6e748c0e,500,251.44,True,56,56,0,0,False,224.37979125976562
sub-58,ses-1,0,sub-58_ses-1.set,readable,,500.0,61,True,72,2000,288.0,uV (EEGLAB convention; raw metadata corroborates),average,Complex objects (like classes) are not supported. They are imported on a best effort base but your mileage will vary.,89f6b00574343ba3aad14d0c5f7f285708c4cc3e026e072ee304d6199ad16a3f,790122fc21f281be015357cd1dd291dc914acbe41ea77f2e82c10586df1ff492,500,300,True,72,72,0,0,False,276.93780517578125
sub-58,ses-2,1,sub-58_ses-2.set,readable,,500.0,61,True,62,2000,248.0,uV (EEGLAB convention; raw metadata corroborates),average,Complex objects (like classes) are not supported. They are imported on a best effort base but your mileage will vary.,508a568ca236c4eb6c4e38ba0f976c433eec442879aae4b8a7d6ec606c2007b3,675c95bd729d518c9f1aab6031fc74c5b8ab36a694afc5ffe72ea29d30212c57,500,264.82,True,62,62,0,0,False,281.15411376953125
sub-59,ses-1,0,sub-59_ses-1.set,readable,,500.0,61,True,71,2000,284.0,uV (EEGLAB convention; raw metadata corroborates),average,Complex objects (like classes) are not supported. They are imported on a best effort base but your mileage will vary.,8db7c4aeb95860e0738f271f406e9f911da871c93c26778d6dec0c8ef0026ec5,19ef0e58b64466fdb0aedaef9b03afca0a2cfc2cf7535affc02e04be8cc825fa,500,300,True,71,71,0,0,False,105.88525390625
sub-59,ses-2,1,sub-59_ses-2.set,readable,,500.0,61,False,61,2000,244.0,uV (EEGLAB convention; raw metadata corroborates),average,Complex objects (like classes) are not supported. They are imported on a best effort base but your mileage will vary.,50c67c9a43e59bd7e90b869a2ae2814916928f9f68a08f72e7a750dc47050bae,56bc5fc248d5754bb851852e9576c869208a838d7783acfdf94dd7351b269907,500,288.22,True,61,61,0,0,False,162.585693359375
sub-60,ses-1,0,sub-60_ses-1.set,readable,,500.0,61,True,60,2000,240.0,uV (EEGLAB convention; raw metadata corroborates),average,,99776e4a58e3b361c7c8bea01c32b38f4caa69d3efb91a7130adf82cd265f024,2c0b3eb6faa4ed21f04c22624760d9666e1c1e5ff5559078b9ce407a8c159db8,500,248.98,True,60,60,0,0,False,290.091552734375
sub-60,ses-2,1,sub-60_ses-2.set,readable,,500.0,61,True,67,2000,268.0,uV (EEGLAB convention; raw metadata corroborates),average,Complex objects (like classes) are not supported. They are imported on a best effort base but your mileage will vary.,4435fb3e309d9f42e9564b844d3ff2939ade02483de1d20cc9139df0a757b4f0,2e8a54867280975fdd81b23d857585968d729a997bb1d1835e8cdcab09894502,500,300,True,67,67,0,0,False,354.6424255371094
sub-61,ses-1,0,sub-61_ses-1.set,readable,,500.0,61,True,74,2000,296.0,uV (EEGLAB convention; raw metadata corroborates),average,Complex objects (like classes) are not supported. They are imported on a best effort base but your mileage will vary.,cb38461fb9661eabeba26e00d5ca11649c6fc17b17e73220635705204b8a57d7,c37f4cf195cfd592aa3afe717e744e89109ce2958f60402ebebad7eed065130f,500,300,True,74,74,0,0,False,104.12714385986328
sub-61,ses-2,1,sub-61_ses-2.set,readable,,500.0,61,True,74,2000,296.0,uV (EEGLAB convention; raw metadata corroborates),average,Complex objects (like classes) are not supported. They are imported on a best effort base but your mileage will vary.,bd82bbaae0ba17b05207640d31c26ebcb5ba556732659db52190ee16663e3acb,8bf6d438643e17ec417575e3490f66d94a3798a41e777a17025f7281c31b6d38,500,300,True,74,74,0,0,False,139.50474548339844
sub-62,ses-1,0,sub-62_ses-1.set,readable,,500.0,61,True,71,2000,284.0,uV (EEGLAB convention; raw metadata corroborates),average,Complex objects (like classes) are not supported. They are imported on a best effort base but your mileage will vary.,61d01f861e17b920911e122e7cc35863b4ec8ee9915f933a452e5affa5f6ee5a,bd003f2f5aada8887f5502f9a2e2ff9ccb5b586194f977b93cad6f0a06c4012a,500,300,True,71,71,0,0,False,312.6392822265625
sub-62,ses-2,1,sub-62_ses-2.set,readable,,500.0,61,True,66,2000,264.0,uV (EEGLAB convention; raw metadata corroborates),average,Complex objects (like classes) are not supported. They are imported on a best effort base but your mileage will vary.,78df431fa5fe71ce4e844222f403158ef214009e6edc46e68a3fef41a82e8972,926c92338844440a699ab4287a77c4ffd5af5aadf4a30cc0bb4f78a832240f62,500,283.58,True,66,66,0,0,False,112.4457778930664
sub-63,ses-1,0,sub-63_ses-1.set,readable,,500.0,61,True,68,2000,272.0,uV (EEGLAB convention; raw metadata corroborates),average,Complex objects (like classes) are not supported. They are imported on a best effort base but your mileage will vary.,1258c45d7041166e8fe47d056eec3f157156ec09de8722e507df3e137c502e1a,d883cb87baf47d35598af4bada7bb7d1a3c0e1512eab886881053504dc97d8dd,500,300,True,68,67,1,0,False,566.880615234375
sub-63,ses-2,1,sub-63_ses-2.set,readable,,500.0,61,True,73,2000,292.0,uV (EEGLAB convention; raw metadata corroborates),average,Complex objects (like classes) are not supported. They are imported on a best effort base but your mileage will vary.,f7c249860a9fc34322ba548eb5340c1096aab01fc15260b82282b775c2d19d92,e4d3064b8e2e7f9897a665ee80b359663b8584b4756929f58b28b67140c707cf,500,300,True,73,73,0,0,False,191.3059539794922
sub-64,ses-1,0,sub-64_ses-1.set,readable,,500.0,61,True,69,2000,276.0,uV (EEGLAB convention; raw metadata corroborates),average,Complex objects (like classes) are not supported. They are imported on a best effort base but your mileage will vary.,9c4d369baed59ffc79649cf7370b7f17b815d6ba6dac63513c5866940c0b77ff,a62cba7ba6c2f2d9d54cf011fb5ebb5312f4184e28e3f19262060993dacc01c9,500,300,True,69,69,0,0,False,205.08639526367188
sub-64,ses-2,1,sub-64_ses-2.set,readable,,500.0,61,True,70,2000,280.0,uV (EEGLAB convention; raw metadata corroborates),average,Complex objects (like classes) are not supported. They are imported on a best effort base but your mileage will vary.,d16cde1c4726437ae4035e555b6be48905bb8bc7843a92f737ce2df013535411,9e2616a00db611b04e84fd214e199f6fb897fe4b2b8d2e98f862fa943baa2a4d,500,300,True,70,70,0,0,False,278.93603515625
sub-65,ses-1,0,sub-65_ses-1.set,readable,,500.0,61,True,74,2000,296.0,uV (EEGLAB convention; raw metadata corroborates),average,,3a0a9fcb59b83a35d7e175fa0f395e9e30e9af7be4ab2d196e6f9df38ff9a5a7,e94c8b9252770309af4a3d3632b8238ec66b553a2a8e786fe8ba2923e3bcd150,500,300,True,74,74,0,0,False,140.33551025390625
sub-65,ses-2,1,sub-65_ses-2.set,readable,,500.0,61,True,55,2000,220.0,uV (EEGLAB convention; raw metadata corroborates),average,Complex objects (like classes) are not supported. They are imported on a best effort base but your mileage will vary.,50ed2f90a69ccc10abb5281c8750689b6fecac2905dc85465d1d8d526c924cad,03b1bfd82c634ccde8efb41247b3bce60863a6d31ffe822e349203a7045cfb70,500,237.84,True,55,55,0,0,False,118.44178771972656
sub-66,ses-1,0,sub-66_ses-1.set,readable,,500.0,61,True,65,2000,260.0,uV (EEGLAB convention; raw metadata corroborates),average,,897f0d958fde88cfd5a76e0dd45f9ac7e72d8cdab7768bfc5cefb16847b07d60,54dbf2f9b263578bf071ed866f629da25e3dc1ad0667832fbbb34d9420ee8795,500,300,True,65,65,0,0,False,131.01943969726562
sub-66,ses-2,1,sub-66_ses-2.set,readable,,500.0,61,False,69,2000,276.0,uV (EEGLAB convention; raw metadata corroborates),average,Complex objects (like classes) are not supported. They are imported on a best effort base but your mileage will vary.,70008b86f2961841239efc1477fa21c348d049b1f8fd857686f791b0e8c22413,505529e8c60645e32d9d8dd71fbab603137e790973e61b6256c632624dd452c8,500,300,True,69,69,0,0,False,189.96629333496094
sub-67,ses-1,0,sub-67_ses-1.set,readable,,500.0,61,False,74,2000,296.0,uV (EEGLAB convention; raw metadata corroborates),average,Complex objects (like classes) are not supported. They are imported on a best effort base but your mileage will vary.,318e6cd5c4a4223a5824ad47c97aed4d11bb39d7c41809d1a1d9f86d03e9ad73,6f333a9b61e71d607e2e55ec779e64d38db348a1da723ecf8b1e3b28ad693252,500,300,True,74,74,0,0,False,281.37664794921875
sub-67,ses-2,1,sub-67_ses-2.set,readable,,500.0,61,True,72,2000,288.0,uV (EEGLAB convention; raw metadata corroborates),average,Complex objects (like classes) are not supported. They are imported on a best effort base but your mileage will vary.,c80f5237b320b376cedb46faac85f4f169a1fad94cc45516bbad466e491f2367,69d851ca93f070efe96e09b300b08d73a585f93a0bd4edc9d59ab29a44bad8f2,500,300,True,72,72,0,0,False,168.50872802734375
sub-68,ses-1,0,sub-68_ses-1.set,readable,,500.0,61,True,73,2000,292.0,uV (EEGLAB convention; raw metadata corroborates),average,Complex objects (like classes) are not supported. They are imported on a best effort base but your mileage will vary.,4f2f5f86ede782e9e030cfbbded8ab9c0e22891914dbc396c67af843a5fdaba0,2b42991543c7b60b3e2a219a0a06b5ef1abc41055adca0416393b8c3e8f9c277,500,300,True,73,73,0,0,False,138.41629028320312
sub-68,ses-2,1,sub-68_ses-2.set,readable,,500.0,61,False,73,2000,292.0,uV (EEGLAB convention; raw metadata corroborates),average,Complex objects (like classes) are not supported. They are imported on a best effort base but your mileage will vary.,b9d731341b56e4b3d7b2bc2c4b585f1e939f9b12f007254f7c1bb80728c76345,7ef2516e9d83a77ee6d5e4e4962c8defbf7e2cee69d75625bfe00201bdd7c0f5,500,300,True,73,73,0,0,False,174.95492553710938
sub-69,ses-1,0,sub-69_ses-1.set,readable,,500.0,61,True,73,2000,292.0,uV (EEGLAB convention; raw metadata corroborates),average,Complex objects (like classes) are not supported. They are imported on a best effort base but your mileage will vary.,4e3ea341752e5e44cdd318ec95beaec9ca3399b64ef3366d7d38778e4ba0df31,f2a0d719a09f3ec9237ee6bde39aa6693a3cc9787875af13339d200ea250220d,500,300,True,73,73,0,0,False,82.876708984375
sub-69,ses-2,1,sub-69_ses-2.set,readable,,500.0,61,False,70,2000,280.0,uV (EEGLAB convention; raw metadata corroborates),average,Complex objects (like classes) are not supported. They are imported on a best effort base but your mileage will vary.,891d1f947eb203cb40da6c56734e622d080ae7ba9a33c5dd8350b73452ac1654,807f4c36cde7781294876e7466fb9707826e98cc92256fd86b149b46c0aec93e,500,300,True,70,70,0,0,False,405.06982421875
sub-70,ses-1,0,sub-70_ses-1.set,readable,,500.0,61,True,70,2000,280.0,uV (EEGLAB convention; raw metadata corroborates),average,,52aa29333145924e1d70b6797a700ceadf28f6fef60cdb000dbabf8ba931e85f,11f049744d67ad105c827c41c6378f1e129716114b6dbd8585e2e9df82fc6d84,500,300,True,70,70,0,0,False,253.54611206054688
sub-70,ses-2,1,sub-70_ses-2.set,readable,,500.0,61,True,69,2000,276.0,uV (EEGLAB convention; raw metadata corroborates),average,,de47cbb772598e11e54a29e4887784f501168eddee65920d5b94e10504356171,18c0b8312bbcdf4e95a579e96fe2c4cff518272154eb5be82b3bfb68a3719bc5,500,300,True,69,69,0,0,False,215.88221740722656
sub-71,ses-1,0,sub-71_ses-1.set,readable,,500.0,61,True,70,2000,280.0,uV (EEGLAB convention; raw metadata corroborates),average,,bc9957f8e4c32f6544ee5b53f48d459d24a964a83fcada1f5a7df9004b7ce206,6883e85111f620179b05e0f4fc1519362bc7b0596b856b562d0802cc6384a2c8,500,300,True,70,70,0,0,False,98.0263900756836
sub-71,ses-2,1,sub-71_ses-2.set,readable,,500.0,61,True,72,2000,288.0,uV (EEGLAB convention; raw metadata corroborates),average,,a29c6a479eaa8dd1ab139823d00f16874d761bdef9af8c33763eeff577f09d3c,11c44c977f82eef40e3ff28470ca2ea6a48625017f2d7e1ab451a83108c45dc1,500,300,True,72,72,0,0,False,373.1786804199219
