adaptive_block_R,adaptive_iterations,adaptive_k,adaptive_n_components,adaptive_status,block,includes_all_midline,legacy_labID,n_test,n_train,selected_labels,selected_positions,standard_block_R,standard_iterations,standard_k,standard_n_components,standard_status,test_all_inside_driving_mask,test_start_s,test_stop_s,train_all_inside_driving_mask
0.2842494610248271,5,4,5,OK,0,False,3101,2401,11470,D24|B23|D32|B30,28|13|31|15,0.11930347365657969,0,4,3,OK,True,152.0,752.0,True
0.6319322317471008,9,7,5,OK,1,False,3101,2221,11650,D27|E14|C21|E3|D5|C23|B26,29|36|20|33|23|21|14,0.8101186393654372,0,4,3,OK,True,943.5,1498.5,True
0.680400228824577,2,1,5,OK,2,False,3101,2374,11497,D24,28,0.43017834046254666,0,4,3,OK,True,1643.5,2236.75,True
-0.19766945504256694,2,1,5,OK,3,False,3101,2207,11664,D24,28,-0.42072760576686186,0,4,3,OK,True,2373.25,2924.75,True
0.6169621790263471,3,2,6,OK,4,False,3101,2210,11661,D24|H29,28|63,0.5880072736389345,0,4,3,OK,True,3129.75,3682.0,True
0.31336269469346284,5,3,6,OK,5,False,3101,2458,11413,D32|D30|D24,31|30|28,0.7166823760140784,0,4,3,OK,True,3816.25,4430.5,True
-0.571088967033561,2,1,4,OK,0,False,3102,2370,11372,A7,3,-0.2319705689602881,0,4,4,OK,True,150.25,742.5,True
0.19148225395090832,2,1,3,OK,1,False,3102,2302,11440,H29,63,-0.36379718277031103,0,4,4,OK,True,857.5,1432.75,True
-0.24182594515472672,3,2,5,OK,2,False,3102,2158,11584,H27|B9,62|9,0.1264694876995431,0,4,4,OK,True,1566.25,2105.5,True
-0.4325932257023593,12,10,4,OK,3,False,3102,2346,11396,C21|F10|E12|C13|F3|H6|C15|C18|C23|C25,20|43|35|17|41|57|18|19|21|22,-0.2393250340667476,0,4,4,OK,True,2266.5,2852.75,True
-0.2307095109552056,4,3,5,OK,4,False,3102,2190,11552,H29|F28|H27,63|47|62,0.6014657364693122,0,4,4,OK,True,2990.25,3537.5,True
0.5990456739440508,4,3,4,OK,5,False,3102,2376,11366,H29|G30|H27,63|55|62,0.5722990182631642,0,4,4,OK,True,3708.0,4301.75,True
-0.5907069318219199,2,1,6,OK,0,False,3103,2363,11491,E14,36,-0.591085435080386,0,4,6,OK,True,44.25,634.75,True
-0.4157036805382698,2,1,5,OK,1,False,3103,2223,11631,G11,50,0.04615031199325346,0,4,6,OK,True,796.75,1352.25,True
-0.3699606922171044,2,1,5,OK,2,False,3103,2267,11587,F10,43,0.05807441768417976,0,4,6,OK,True,1513.5,2080.0,True
0.6062364175324301,5,3,4,OK,3,False,3103,2236,11618,C11|C18|G23,16|19|53,0.15036628871901014,0,4,6,OK,True,2247.25,2806.0,True
-0.10867008721122716,3,2,6,OK,4,False,3103,2414,11440,E31|F14,40|44,-0.1501172644972246,0,4,6,OK,True,2948.75,3552.0,True
-0.5766970353484822,5,3,5,OK,5,False,3103,2351,11503,H13|C18|G23,59|19|53,-0.6134460148841994,0,4,8,OK,True,3702.75,4290.25,True
0.2906457168340614,4,2,2,OK,0,False,3104,2393,11356,F23|F28,46|47,0.608513000245784,0,4,2,OK,True,100.25,698.25,True
0.19512959684036676,2,1,1,OK,1,False,3104,2234,11515,F14,44,0.25661454792926724,0,4,2,OK,True,816.75,1375.0,True
-0.2327148914974631,6,4,4,OK,2,False,3104,2230,11519,D30|G30|G23|G11,30|55|53|50,-0.3185883370251225,0,4,3,OK,True,1488.75,2046.0,True
0.5808893032020129,3,2,1,OK,3,False,3104,2221,11528,F14|F28,44|47,0.440169014013152,0,4,2,OK,True,2144.75,2699.75,True
-0.4089999646578142,3,2,2,OK,4,False,3104,2223,11526,F14|F23,44|46,-0.4027500684179008,0,4,2,OK,True,2813.25,3368.75,True
-0.3905672574895794,3,2,3,OK,5,False,3104,2448,11301,F10|G14,43|51,0.32124124574409324,0,4,2,OK,True,3476.0,4087.75,True
0.7615779817811681,4,3,5,OK,0,False,3105,2405,11249,F10|H6|D30,43|57|30,0.4933035718018991,0,4,7,OK,True,173.5,774.5,True
-0.7491299310240167,2,1,4,OK,1,False,3105,2121,11533,A16,4,0.507142535893625,0,4,6,OK,True,950.5,1480.5,True
0.6557878509670183,5,4,6,OK,2,False,3105,2313,11341,F10|D12|D27|E14,43|26|29|36,-0.4258042143124399,0,4,6,OK,True,1635.0,2213.0,True
-0.46557152893224707,2,1,5,OK,3,False,3105,2286,11368,B15,10,-0.42096605767513595,0,4,6,OK,True,2380.25,2951.5,True
0.288535848573822,6,5,6,OK,4,False,3105,2125,11529,F10|E14|D9|D30|D27,43|36|25|30|29,0.6519711112133935,0,4,6,OK,True,3110.5,3641.5,True
-0.004789540903341117,2,1,3,OK,5,False,3105,2404,11250,D20,27,0.08056114893116201,0,4,6,OK,True,3813.0,4413.75,True
0.30038065144172743,2,1,3,OK,0,False,3106,2373,11440,A19,5,0.4468361836445859,0,4,4,OK,True,19.25,612.25,True
0.791885303977012,4,3,3,OK,1,False,3106,2326,11487,C15|C13|D5,18|17|23,0.7207707535502622,0,4,4,OK,True,737.0,1318.25,True
0.747491926619057,5,4,8,OK,2,False,3106,2174,11639,G30|G23|C15|F7,55|53|18|42,0.8492669224355042,0,4,4,OK,True,1484.5,2027.75,True
0.43397063904584177,2,1,3,OK,3,False,3106,2362,11451,H13,59,0.2980025365477858,0,4,4,OK,True,2181.25,2771.5,True
0.2442919616841223,3,2,4,OK,4,False,3106,2183,11630,F28|D12,47|26,0.24349843471657764,0,4,4,OK,True,2908.5,3454.0,True
-0.15295545646650738,3,2,4,OK,5,False,3106,2395,11418,E12|E14,35|36,0.25095771579590537,0,4,4,OK,True,3588.75,4187.25,True
-0.21285165231236444,4,3,6,OK,0,False,3107,2300,11404,A7|C25|H16,3|22|60,-0.0023957521238615327,0,4,7,OK,True,135.0,709.75,True
0.36798959640365314,4,3,6,OK,1,False,3107,2272,11432,H16|F7|H19,60|42|61,0.16404297369192544,0,4,7,OK,True,874.0,1441.75,True
0.37150925515418487,6,3,5,OK,2,False,3107,2261,11443,C23|H16|B9,21|60|9,0.3926580660468982,0,4,7,OK,True,1658.25,2223.25,True
0.6680495368448917,7,5,7,OK,3,False,3107,2267,11437,H27|H19|E29|H16|D30,62|61|39|60|30,0.7340736891864051,0,4,7,OK,True,2392.5,2959.0,True
0.5911375349638743,4,3,6,OK,4,False,3107,2099,11605,H19|E17|H16,61|37|60,0.5120259819381101,0,4,6,OK,True,3143.75,3668.25,True
-0.21419801967878868,3,2,7,OK,5,False,3107,2505,11199,H29|D32,63|31,0.40514540545985717,0,4,7,OK,True,3830.75,4456.75,True
-0.19719071004053504,6,4,6,OK,0,False,3108,2388,11401,B30|A24|D32|B7,15|7|31|8,0.11440088851146585,0,4,6,OK,True,38.75,635.5,True
0.3118175730847436,4,3,6,OK,1,False,3108,2202,11587,B15|D32|A24,10|31|7,0.7179927555136685,0,4,6,OK,True,791.25,1341.5,True
0.567465381247547,10,9,5,OK,2,False,3108,2374,11415,B15|D32|C13|H29|A3|A6|F14|H27|B7,10|31|17|63|1|2|44|62|8,0.229236924163029,0,4,6,OK,True,1494.75,2088.0,True
-0.09552051980229379,10,7,6,OK,3,False,3108,2209,11580,B30|D32|H29|A3|H27|B21|E1,15|31|63|1|62|12|32,0.47965240394477215,0,4,6,OK,True,2223.5,2775.5,True
0.28543980417325465,4,3,6,OK,4,False,3108,2214,11575,G30|D32|B30,55|31|15,-0.1958585821173526,0,4,6,OK,True,2904.25,3457.5,True
0.28355694548364907,4,3,6,OK,5,False,3108,2402,11387,B9|A24|A6,9|7|2,0.28177179781470574,0,4,7,OK,True,3576.0,4176.25,True
-0.4592073700809417,2,1,3,OK,0,False,3109,2416,11372,E29,39,-0.5092528189181665,0,4,2,OK,True,18.0,621.75,True
-0.2834863361029104,5,4,4,OK,1,False,3109,2189,11599,G11|D30|A24|B23,50|30|7|13,-0.20711712527947387,0,4,2,OK,True,1074.25,1621.25,True
0.4639608327227988,5,4,3,OK,2,False,3109,2341,11447,H16|F7|G25|D20,60|42|54|27,-0.3934825631970481,0,4,2,OK,True,1746.5,2331.5,True
0.5012730131725736,6,5,4,OK,3,False,3109,2172,11616,A24|G11|D30|D20|D27,7|50|30|27|29,-0.4474343210134748,0,4,2,OK,True,2482.0,3024.75,True
0.5695046906640392,6,4,3,OK,4,False,3109,2383,11405,G11|D32|F23|G16,50|31|46|52,-0.16695454983634223,0,4,2,OK,True,3154.75,3750.25,True
-0.1048372520477734,7,4,3,OK,5,False,3109,2287,11501,G11|F7|D32|D24,50|42|31|28,-0.139493639816298,0,4,2,OK,True,3870.0,4441.5,True
-0.6204401599434948,2,1,2,OK,0,False,3110,2386,11383,A19,5,-0.5693200213604876,0,4,2,OK,True,46.75,643.0,True
-0.0018182871716531832,8,2,2,OK,1,False,3110,2192,11577,H6|G8,57|49,-0.19090071191214625,0,4,2,OK,True,828.0,1375.75,True
-0.4860566880203992,3,2,3,OK,2,False,3110,2368,11401,C21|D5,20|23,0.9052078904208585,0,4,2,OK,True,1536.25,2128.0,True
-0.7036154972147038,4,3,2,OK,3,False,3110,2199,11570,E12|A3|E17,35|1|37,-0.32790598863101245,0,4,2,OK,True,2288.0,2837.5,True
-0.4489805980801307,3,2,2,OK,4,False,3110,2214,11555,B18|C15,11|18,0.23336966212498522,0,4,2,OK,True,2981.0,3534.25,True
-0.43080018089063293,5,4,5,OK,5,False,3110,2410,11359,B30|B9|G30|A21,15|9|55|6,-0.07646496789685502,0,4,7,OK,True,3727.5,4329.75,True
0.4408320582027646,4,3,12,OK,0,False,3111,2396,11421,F31|A19|C21,48|5|20,-0.04162429921902669,0,4,13,OK,True,9.25,608.0,True
0.21057619922976575,4,3,9,OK,1,False,3111,2179,11638,G14|A24|G8,51|7|49,-0.31986023304240513,0,4,12,OK,True,745.25,1289.75,True
0.36878515956852254,8,5,11,OK,2,False,3111,2370,11447,F31|D9|E6|A24|E17,48|25|34|7|37,0.503935039432599,0,4,12,OK,True,1413.25,2005.5,True
-0.07294184944096715,3,2,9,OK,3,False,3111,2200,11617,F31|H29,48|63,-0.03315110157946422,0,4,11,OK,True,2144.0,2693.75,True
0.7184744164630764,4,3,10,OK,4,False,3111,2210,11607,F31|D9|A24,48|25|7,0.6508342456334947,0,4,12,OK,True,2863.25,3415.5,True
0.6120216174983576,4,3,8,OK,5,False,3111,2462,11355,F7|C18|G14,42|19|51,0.5981679017477616,0,4,12,OK,True,3543.5,4158.75,True
0.6873829295922016,7,5,7,OK,0,False,3112,2420,11379,C23|F14|D5|D30|E3,21|44|23|30|33,0.478374194857889,0,4,6,OK,True,7.5,612.25,True
0.19370320986114925,2,1,4,OK,1,False,3112,2204,11595,D24,28,0.04999862771757192,0,4,6,OK,True,740.0,1290.75,True
0.2436381381982107,4,3,5,OK,2,False,3112,2205,11594,F10|E29|C23,43|39|21,0.5813201089498636,0,4,6,OK,True,1420.75,1971.75,True
0.6516162501818312,7,5,5,OK,3,False,3112,2371,11428,F10|D20|G11|C21|F23,43|27|50|20|46,0.3363908609857184,0,4,5,OK,True,2108.75,2701.25,True
-0.051452186377520276,10,7,7,OK,4,False,3112,2216,11583,F10|F7|E12|E1|C23|G16|F14,43|42|35|32|21|52|44,0.12650450107353167,0,4,6,OK,True,2825.5,3379.25,True
-0.13796948710026782,13,8,6,OK,5,False,3112,2383,11416,D7|D24|G8|E29|E31|B15|E14|B26,24|28|49|39|40|10|36|14,-0.48764847284295865,0,4,5,OK,True,3491.75,4087.25,True
0.26255513113949475,7,5,7,OK,0,False,3113,2408,11413,E29|A6|F23|H19|B18,39|2|46|61|11,0.27335660230671355,0,4,7,OK,True,7.75,609.5,True
0.31892294350155165,2,1,4,OK,1,False,3113,2203,11618,B18,11,-0.16614302510152118,0,4,5,OK,True,763.25,1313.75,True
-0.017353497346297982,2,1,2,OK,2,False,3113,2369,11452,E12,35,-0.03374261416220196,0,4,6,OK,True,1457.0,2049.0,True
0.1310475293226861,5,4,5,OK,3,False,3113,2211,11610,A6|F3|A7|A3,2|41|3|1,-0.6477290562201741,0,4,6,OK,True,2194.5,2747.0,True
0.32996682152140216,2,1,4,OK,4,False,3113,2206,11615,B18,11,0.09024643929256435,0,4,6,OK,True,2900.75,3452.0,True
0.3255552866824938,2,1,5,OK,5,False,3113,2424,11397,B18,11,0.3000958890374261,0,4,6,OK,True,3622.0,4227.75,True
-0.8598888159813772,5,4,4,OK,0,False,3114,2359,11388,E29|D12|A7|H19,39|26|3|61,-0.8457394381511318,0,4,4,OK,True,130.0,719.5,True
0.21264904666028278,2,1,3,OK,1,False,3114,2282,11465,C21,20,0.5520820967559743,0,4,4,OK,True,886.75,1457.0,True
-0.21909891757240074,3,2,5,OK,2,False,3114,2109,11638,C11|B30,16|15,0.03888823125998728,0,4,4,OK,True,1605.75,2132.75,True
-0.16791231959923042,2,1,3,OK,3,False,3114,2295,11452,B30,15,-0.11619786096611544,0,4,4,OK,True,2270.75,2844.25,True
0.3418273026233254,3,2,4,OK,4,False,3114,2269,11478,B18|B26,11|14,0.31742314845810043,0,4,4,OK,True,3050.0,3617.0,True
0.04630460932404638,4,3,5,OK,5,False,3114,2433,11314,C11|D7|D20,16|24|27,0.7252681364855881,0,4,4,OK,True,3986.75,4594.75,True
0.2532728138601564,3,2,3,OK,0,False,3115,2420,11328,D24|F14,28|44,0.5330034178454751,0,4,2,OK,True,9.25,614.0,True
0.4390295637988223,4,2,2,OK,1,False,3115,2197,11551,A24|G30,7|55,0.38417486617368285,0,4,3,OK,True,802.0,1351.0,True
-0.09776459014575019,5,4,3,OK,2,False,3115,2193,11555,H19|G8|H16|A24,61|49|60|7,0.34714327910904336,0,4,3,OK,True,1532.75,2080.75,True
-0.04648437192306135,3,2,2,OK,3,False,3115,2353,11395,B18|H19,11|61,0.061512126858561215,0,4,3,OK,True,2275.0,2863.0,True
0.29056030143130707,3,2,3,OK,4,False,3115,2199,11549,H13|H27,59|62,-0.03455547788602323,0,4,4,OK,True,3034.5,3584.0,True
-0.6421701987129695,5,4,3,OK,5,False,3115,2386,11362,E1|H27|A1|A3,32|62|0|1,-0.651580938284371,0,4,3,OK,True,3776.75,4373.0,True
0.13940722743578646,6,5,6,OK,0,False,3116,2410,11333,E29|C13|D24|E12|B9,39|17|28|35|9,-0.6775931857644586,0,4,8,OK,True,121.0,723.25,True
0.3858226875288364,6,5,6,OK,1,False,3116,2227,11516,C18|D32|D27|B9|E12,19|31|29|9|35,0.011700250349668756,0,4,7,OK,True,898.25,1454.75,True
0.46974001805799454,5,4,6,OK,2,False,3116,2210,11533,C13|E14|E23|E3,17|36|38|33,-0.02919557526776424,0,4,7,OK,True,1654.5,2206.75,True
0.8513113254211641,7,6,6,OK,3,False,3116,2223,11520,B9|D32|B30|E12|D27|C13,9|31|15|35|29|17,0.6007476554054362,0,4,7,OK,True,2352.75,2908.25,True
0.40391572337738957,4,3,7,OK,4,False,3116,2227,11516,E29|B9|H13,39|9|59,0.16629504197047892,0,4,7,OK,True,3178.25,3734.75,True
0.7148275336403763,3,2,5,OK,5,False,3116,2446,11297,E29|C13,39|17,0.36406472064248113,0,4,7,OK,True,4003.5,4614.75,True
0.43043976449710963,3,2,4,OK,0,False,3117,2418,11377,D30|G11,30|50,-0.4277680886475369,0,4,4,OK,True,6.75,611.0,True
0.3466743308305744,5,4,5,OK,1,False,3117,2208,11587,D30|H9|A7|H27,30|58|3|62,0.2778447341781466,0,4,4,OK,True,731.5,1283.25,True
-0.22550646694346466,3,2,5,OK,2,False,3117,2213,11582,F23|G25,46|54,0.032338691904140016,0,4,4,OK,True,1411.75,1964.75,True
-0.5133257161838245,7,6,6,OK,3,False,3117,2378,11417,D30|G11|H16|F10|F23|G8,30|50|60|43|46|49,-0.3436549431269709,0,4,4,OK,True,2086.5,2680.75,True
0.13130100103764306,2,1,2,OK,4,False,3117,2216,11579,D30,30,0.026276037604988447,0,4,4,OK,True,2796.5,3350.25,True
0.3799860854402723,2,1,2,OK,5,False,3117,2362,11433,D30,30,0.26529313607413585,0,4,4,OK,True,3463.0,4053.25,True
-0.4115299569024856,3,2,2,OK,0,False,3118,2442,11374,D20|H27,27|62,-0.19047526674061943,0,4,2,OK,True,66.25,676.5,True
-0.08079797948713542,2,1,2,OK,1,False,3118,2177,11639,D12,26,-0.19602142723336557,0,4,4,OK,True,824.25,1368.25,True
0.34842905121039486,3,2,3,OK,2,False,3118,2326,11490,C15|C25,18|22,0.3813612745116121,0,4,3,OK,True,1490.0,2071.25,True
-0.35303327544228813,2,1,2,OK,3,False,3118,2206,11610,B26,14,-0.33098036533766595,0,4,2,OK,True,2329.75,2881.0,True
-0.14770066447241317,2,1,2,OK,4,False,3118,2349,11467,D9,25,0.2381705007881463,0,4,3,OK,True,3000.0,3587.0,True
-0.0609116476973,2,1,3,OK,5,False,3118,2316,11500,D27,29,-0.18307821041804037,0,4,4,OK,True,3706.25,4285.0,True
0.38128961735670086,4,3,5,OK,0,False,3119,2418,11437,D9|E6|B15,25|34|10,0.6080659073754383,0,4,6,OK,True,10.5,614.75,True
0.60989079301268,2,1,5,OK,1,False,3119,2178,11677,H2,56,0.5226737922944656,0,4,6,OK,True,775.75,1320.0,True
0.23341231532118634,3,2,4,OK,2,False,3119,2361,11494,H6|H2,57|56,0.11830587097433357,0,4,6,OK,True,1450.0,2040.0,True
0.7306067073273956,3,2,4,OK,3,False,3119,2167,11688,F21|G16,45|52,0.6872338379990108,0,4,6,OK,True,2174.0,2715.5,True
0.01005436524676641,5,4,5,OK,4,False,3119,2381,11474,H6|G16|G23|F21,57|52|53|45,-0.33173548421687443,0,4,5,OK,True,2897.0,3492.0,True
0.3077203881188882,2,1,4,OK,5,False,3119,2350,11505,H2,56,-0.2074151065690306,0,4,6,OK,True,3653.25,4240.5,True
0.4444610931048002,2,1,7,OK,0,False,3120,2367,11399,D30,30,0.11724073476821421,0,4,13,OK,True,28.25,619.75,True
0.0015847130216130353,2,1,1,OK,1,False,3120,2342,11424,D5,23,0.12769995108155657,0,4,1,OK,True,808.75,1394.0,True
-0.5392959729107965,2,1,3,OK,2,False,3120,2196,11570,E29,39,-0.17038220767470919,0,4,1,OK,True,1577.25,2126.0,True
-0.4298206916771028,3,2,1,OK,3,False,3120,2198,11568,F21|H9,45|58,-0.4763438074280859,0,4,1,OK,True,2296.75,2846.0,True
-0.029233737849314018,2,1,1,OK,4,False,3120,2212,11554,D5,23,0.08675176205969021,0,4,1,OK,True,3000.75,3553.5,True
-0.2611445925505722,2,1,1,OK,5,False,3120,2451,11315,B7,8,-0.00027881758078777264,0,4,1,OK,True,3722.75,4335.25,True
0.7392741726685791,2,1,3,OK,0,False,3124,2371,11446,D24,28,0.832971348138366,0,4,4,OK,True,13.0,605.5,True
0.9076555164565732,2,1,3,OK,1,False,3124,2348,11469,D32,31,0.9328864820678642,0,4,3,OK,True,786.5,1373.25,True
0.22110563809439804,2,1,3,OK,2,False,3124,2151,11666,D32,31,0.14325177265504954,0,4,4,OK,True,1599.25,2136.75,True
0.03726345905394567,2,1,2,OK,3,False,3124,2382,11435,D24,28,0.30177969963681706,0,4,4,OK,True,2460.25,3055.5,True
-0.4899737559804222,5,4,4,OK,4,False,3124,2225,11592,D24|F7|D12|D9,28|42|26|25,0.7498774498964366,0,4,4,OK,True,3253.75,3809.75,True
0.15394756964122128,5,3,4,OK,5,False,3124,2340,11477,F31|G8|F7,48|49|42,0.5460404317744935,0,4,4,OK,True,3990.0,4574.75,True
-0.27356966157634277,4,3,7,OK,0,False,3127,2415,9063,D30|B30|A3,30|15|1,0.40278199900348644,0,4,10,OK,True,18.25,621.75,True
0.580077931524186,3,2,5,OK,1,False,3127,2217,9261,D12|A24,26|7,0.19799057684303095,0,4,9,OK,True,921.75,1475.75,True
-0.2995025098836244,3,2,7,OK,2,False,3127,2236,9242,A24|H19,7|61,-0.381809001095783,0,4,8,OK,True,1660.75,2219.5,True
0.19428194806208549,2,1,7,OK,3,False,3127,2216,9262,A24,7,0.3212644978328467,0,4,9,OK,True,2524.75,3078.5,True
-0.4546409928171925,6,4,5,OK,4,False,3127,2394,9084,D30|A19|C11|B30,30|5|16|15,-0.11840762173723578,0,4,8,OK,True,3371.5,3969.75,True
-0.4802888662665,4,3,9,OK,0,False,3201,2395,11411,G23|F7|G30,53|42|55,0.4912642828362794,0,4,9,OK,True,10.0,608.5,True
0.2894003198291717,3,2,6,OK,1,False,3201,2204,11602,E12|G16,35|52,0.07096905655324079,0,4,8,OK,True,729.5,1280.25,True
0.12904564676787328,6,4,7,OK,2,False,3201,2375,11431,A21|A16|H29|H19,6|4|63|61,0.4312017528051189,0,4,8,OK,True,1395.25,1988.75,True
-0.1256852526132286,5,4,6,OK,3,False,3201,2209,11597,E29|H13|G23|E17,39|59|53|37,0.4088282696968919,0,4,7,OK,True,2106.25,2658.25,True
0.14512937835744463,4,3,7,OK,4,False,3201,2209,11597,H2|H19|H6,56|61|57,0.09491576269105213,0,4,7,OK,True,2785.75,3337.75,True
-0.17996986418831581,6,4,8,OK,5,False,3201,2414,11392,A19|H2|C15|H29,5|56|18|63,-0.062305224674166146,0,4,8,OK,True,3469.5,4072.75,True
0.8058176283708746,7,6,3,OK,0,False,3202,2409,11365,C23|E23|F21|E1|F23|C25,21|38|45|32|46|22,0.4336681852088815,0,4,4,OK,True,45.5,647.5,True
-0.2770375225176342,3,2,4,OK,1,False,3202,2187,11587,G25|C15,54|18,-0.4763623504770252,0,4,5,OK,True,839.5,1386.0,True
0.22515121567887766,4,3,4,OK,2,False,3202,2345,11429,G30|C15|B15,55|18|10,0.3376556726653889,0,4,5,OK,True,1580.5,2166.5,True
0.4243073547947932,3,2,4,OK,3,False,3202,2182,11592,G30|G23,55|53,0.23069254081489607,0,4,5,OK,True,2330.75,2876.0,True
-0.08117404659405356,4,3,3,OK,4,False,3202,2342,11432,C15|B15|G23,18|10|53,0.2721253082432461,0,4,5,OK,True,3034.25,3619.5,True
0.004622569975970176,2,1,5,OK,5,False,3202,2309,11465,G30,55,-0.30423460313402945,0,4,5,OK,True,3767.75,4344.75,True
0.3263379636864322,8,5,6,OK,0,False,3203,2393,11379,C18|B9|E3|D9|E6,19|9|33|25|34,0.021266378123250447,0,4,6,OK,True,9.25,607.25,True
0.40710132653316883,4,3,6,OK,1,False,3203,2202,11570,E31|F28|D9,40|47|25,0.5077809796134408,0,4,6,OK,True,820.5,1370.75,True
0.3239706562986664,3,2,6,OK,2,False,3203,2376,11396,C11|A19,16|5,0.06497302070319484,0,4,6,OK,True,1630.0,2223.75,True
0.4774465474545521,4,3,6,OK,3,False,3203,2220,11552,C13|E3|A16,17|33|4,0.2876921042188258,0,4,6,OK,True,2449.75,3004.5,True
0.6376529063153982,5,4,7,OK,4,False,3203,2186,11586,C13|A21|G16|C11,17|6|52|16,0.7401472813971776,0,4,6,OK,True,3184.0,3730.25,True
0.47192655526585336,4,3,6,OK,5,False,3203,2395,11377,C13|H9|E23,17|58|38,0.6609743745170286,0,4,6,OK,True,3927.25,4525.75,True
