legacy_labID,site_class,block_number,grid_start,grid_stop,n_samples_4hz,duration_s,start_s,stop_s,source,provenance
3101,T3_256ch,0,608,3009,2401,600.25,152.0,752.0,"frozen 3200 condition/tile grid, split at gaps > 90 s (BEHAVIOR_ENDPOINT_SPEC.md 3.3), intersected with the valid (non-zero-padded) window",cache `blocks` (E:/srtp_phase4a/cache/...npz) + `valid256`
3101,T3_256ch,1,3774,5995,2221,555.25,943.5,1498.5,"frozen 3200 condition/tile grid, split at gaps > 90 s (BEHAVIOR_ENDPOINT_SPEC.md 3.3), intersected with the valid (non-zero-padded) window",cache `blocks` (E:/srtp_phase4a/cache/...npz) + `valid256`
3101,T3_256ch,2,6574,8948,2374,593.5,1643.5,2236.75,"frozen 3200 condition/tile grid, split at gaps > 90 s (BEHAVIOR_ENDPOINT_SPEC.md 3.3), intersected with the valid (non-zero-padded) window",cache `blocks` (E:/srtp_phase4a/cache/...npz) + `valid256`
3101,T3_256ch,3,9493,11700,2207,551.75,2373.25,2924.75,"frozen 3200 condition/tile grid, split at gaps > 90 s (BEHAVIOR_ENDPOINT_SPEC.md 3.3), intersected with the valid (non-zero-padded) window",cache `blocks` (E:/srtp_phase4a/cache/...npz) + `valid256`
3101,T3_256ch,4,12519,14729,2210,552.5,3129.75,3682.0,"frozen 3200 condition/tile grid, split at gaps > 90 s (BEHAVIOR_ENDPOINT_SPEC.md 3.3), intersected with the valid (non-zero-padded) window",cache `blocks` (E:/srtp_phase4a/cache/...npz) + `valid256`
3101,T3_256ch,5,15265,17723,2458,614.5,3816.25,4430.5,"frozen 3200 condition/tile grid, split at gaps > 90 s (BEHAVIOR_ENDPOINT_SPEC.md 3.3), intersected with the valid (non-zero-padded) window",cache `blocks` (E:/srtp_phase4a/cache/...npz) + `valid256`
3102,T3_256ch,0,601,2971,2370,592.5,150.25,742.5,"frozen 3200 condition/tile grid, split at gaps > 90 s (BEHAVIOR_ENDPOINT_SPEC.md 3.3), intersected with the valid (non-zero-padded) window",cache `blocks` (E:/srtp_phase4a/cache/...npz) + `valid256`
3102,T3_256ch,1,3430,5732,2302,575.5,857.5,1432.75,"frozen 3200 condition/tile grid, split at gaps > 90 s (BEHAVIOR_ENDPOINT_SPEC.md 3.3), intersected with the valid (non-zero-padded) window",cache `blocks` (E:/srtp_phase4a/cache/...npz) + `valid256`
3102,T3_256ch,2,6265,8423,2158,539.5,1566.25,2105.5,"frozen 3200 condition/tile grid, split at gaps > 90 s (BEHAVIOR_ENDPOINT_SPEC.md 3.3), intersected with the valid (non-zero-padded) window",cache `blocks` (E:/srtp_phase4a/cache/...npz) + `valid256`
3102,T3_256ch,3,9066,11412,2346,586.5,2266.5,2852.75,"frozen 3200 condition/tile grid, split at gaps > 90 s (BEHAVIOR_ENDPOINT_SPEC.md 3.3), intersected with the valid (non-zero-padded) window",cache `blocks` (E:/srtp_phase4a/cache/...npz) + `valid256`
3102,T3_256ch,4,11961,14151,2190,547.5,2990.25,3537.5,"frozen 3200 condition/tile grid, split at gaps > 90 s (BEHAVIOR_ENDPOINT_SPEC.md 3.3), intersected with the valid (non-zero-padded) window",cache `blocks` (E:/srtp_phase4a/cache/...npz) + `valid256`
3102,T3_256ch,5,14832,17208,2376,594.0,3708.0,4301.75,"frozen 3200 condition/tile grid, split at gaps > 90 s (BEHAVIOR_ENDPOINT_SPEC.md 3.3), intersected with the valid (non-zero-padded) window",cache `blocks` (E:/srtp_phase4a/cache/...npz) + `valid256`
3103,T3_256ch,0,177,2540,2363,590.75,44.25,634.75,"frozen 3200 condition/tile grid, split at gaps > 90 s (BEHAVIOR_ENDPOINT_SPEC.md 3.3), intersected with the valid (non-zero-padded) window",cache `blocks` (E:/srtp_phase4a/cache/...npz) + `valid256`
3103,T3_256ch,1,3187,5410,2223,555.75,796.75,1352.25,"frozen 3200 condition/tile grid, split at gaps > 90 s (BEHAVIOR_ENDPOINT_SPEC.md 3.3), intersected with the valid (non-zero-padded) window",cache `blocks` (E:/srtp_phase4a/cache/...npz) + `valid256`
3103,T3_256ch,2,6054,8321,2267,566.75,1513.5,2080.0,"frozen 3200 condition/tile grid, split at gaps > 90 s (BEHAVIOR_ENDPOINT_SPEC.md 3.3), intersected with the valid (non-zero-padded) window",cache `blocks` (E:/srtp_phase4a/cache/...npz) + `valid256`
3103,T3_256ch,3,8989,11225,2236,559.0,2247.25,2806.0,"frozen 3200 condition/tile grid, split at gaps > 90 s (BEHAVIOR_ENDPOINT_SPEC.md 3.3), intersected with the valid (non-zero-padded) window",cache `blocks` (E:/srtp_phase4a/cache/...npz) + `valid256`
3103,T3_256ch,4,11795,14209,2414,603.5,2948.75,3552.0,"frozen 3200 condition/tile grid, split at gaps > 90 s (BEHAVIOR_ENDPOINT_SPEC.md 3.3), intersected with the valid (non-zero-padded) window",cache `blocks` (E:/srtp_phase4a/cache/...npz) + `valid256`
3103,T3_256ch,5,14811,17162,2351,587.75,3702.75,4290.25,"frozen 3200 condition/tile grid, split at gaps > 90 s (BEHAVIOR_ENDPOINT_SPEC.md 3.3), intersected with the valid (non-zero-padded) window",cache `blocks` (E:/srtp_phase4a/cache/...npz) + `valid256`
3104,T3_256ch,0,401,2794,2393,598.25,100.25,698.25,"frozen 3200 condition/tile grid, split at gaps > 90 s (BEHAVIOR_ENDPOINT_SPEC.md 3.3), intersected with the valid (non-zero-padded) window",cache `blocks` (E:/srtp_phase4a/cache/...npz) + `valid256`
3104,T3_256ch,1,3267,5501,2234,558.5,816.75,1375.0,"frozen 3200 condition/tile grid, split at gaps > 90 s (BEHAVIOR_ENDPOINT_SPEC.md 3.3), intersected with the valid (non-zero-padded) window",cache `blocks` (E:/srtp_phase4a/cache/...npz) + `valid256`
3104,T3_256ch,2,5955,8185,2230,557.5,1488.75,2046.0,"frozen 3200 condition/tile grid, split at gaps > 90 s (BEHAVIOR_ENDPOINT_SPEC.md 3.3), intersected with the valid (non-zero-padded) window",cache `blocks` (E:/srtp_phase4a/cache/...npz) + `valid256`
3104,T3_256ch,3,8579,10800,2221,555.25,2144.75,2699.75,"frozen 3200 condition/tile grid, split at gaps > 90 s (BEHAVIOR_ENDPOINT_SPEC.md 3.3), intersected with the valid (non-zero-padded) window",cache `blocks` (E:/srtp_phase4a/cache/...npz) + `valid256`
3104,T3_256ch,4,11253,13476,2223,555.75,2813.25,3368.75,"frozen 3200 condition/tile grid, split at gaps > 90 s (BEHAVIOR_ENDPOINT_SPEC.md 3.3), intersected with the valid (non-zero-padded) window",cache `blocks` (E:/srtp_phase4a/cache/...npz) + `valid256`
3104,T3_256ch,5,13904,16352,2448,612.0,3476.0,4087.75,"frozen 3200 condition/tile grid, split at gaps > 90 s (BEHAVIOR_ENDPOINT_SPEC.md 3.3), intersected with the valid (non-zero-padded) window",cache `blocks` (E:/srtp_phase4a/cache/...npz) + `valid256`
3105,T3_256ch,0,694,3099,2405,601.25,173.5,774.5,"frozen 3200 condition/tile grid, split at gaps > 90 s (BEHAVIOR_ENDPOINT_SPEC.md 3.3), intersected with the valid (non-zero-padded) window",cache `blocks` (E:/srtp_phase4a/cache/...npz) + `valid256`
3105,T3_256ch,1,3802,5923,2121,530.25,950.5,1480.5,"frozen 3200 condition/tile grid, split at gaps > 90 s (BEHAVIOR_ENDPOINT_SPEC.md 3.3), intersected with the valid (non-zero-padded) window",cache `blocks` (E:/srtp_phase4a/cache/...npz) + `valid256`
3105,T3_256ch,2,6540,8853,2313,578.25,1635.0,2213.0,"frozen 3200 condition/tile grid, split at gaps > 90 s (BEHAVIOR_ENDPOINT_SPEC.md 3.3), intersected with the valid (non-zero-padded) window",cache `blocks` (E:/srtp_phase4a/cache/...npz) + `valid256`
3105,T3_256ch,3,9521,11807,2286,571.5,2380.25,2951.5,"frozen 3200 condition/tile grid, split at gaps > 90 s (BEHAVIOR_ENDPOINT_SPEC.md 3.3), intersected with the valid (non-zero-padded) window",cache `blocks` (E:/srtp_phase4a/cache/...npz) + `valid256`
3105,T3_256ch,4,12442,14567,2125,531.25,3110.5,3641.5,"frozen 3200 condition/tile grid, split at gaps > 90 s (BEHAVIOR_ENDPOINT_SPEC.md 3.3), intersected with the valid (non-zero-padded) window",cache `blocks` (E:/srtp_phase4a/cache/...npz) + `valid256`
3105,T3_256ch,5,15252,17656,2404,601.0,3813.0,4413.75,"frozen 3200 condition/tile grid, split at gaps > 90 s (BEHAVIOR_ENDPOINT_SPEC.md 3.3), intersected with the valid (non-zero-padded) window",cache `blocks` (E:/srtp_phase4a/cache/...npz) + `valid256`
3106,T3_256ch,0,77,2450,2373,593.25,19.25,612.25,"frozen 3200 condition/tile grid, split at gaps > 90 s (BEHAVIOR_ENDPOINT_SPEC.md 3.3), intersected with the valid (non-zero-padded) window",cache `blocks` (E:/srtp_phase4a/cache/...npz) + `valid256`
3106,T3_256ch,1,2948,5274,2326,581.5,737.0,1318.25,"frozen 3200 condition/tile grid, split at gaps > 90 s (BEHAVIOR_ENDPOINT_SPEC.md 3.3), intersected with the valid (non-zero-padded) window",cache `blocks` (E:/srtp_phase4a/cache/...npz) + `valid256`
3106,T3_256ch,2,5938,8112,2174,543.5,1484.5,2027.75,"frozen 3200 condition/tile grid, split at gaps > 90 s (BEHAVIOR_ENDPOINT_SPEC.md 3.3), intersected with the valid (non-zero-padded) window",cache `blocks` (E:/srtp_phase4a/cache/...npz) + `valid256`
3106,T3_256ch,3,8725,11087,2362,590.5,2181.25,2771.5,"frozen 3200 condition/tile grid, split at gaps > 90 s (BEHAVIOR_ENDPOINT_SPEC.md 3.3), intersected with the valid (non-zero-padded) window",cache `blocks` (E:/srtp_phase4a/cache/...npz) + `valid256`
3106,T3_256ch,4,11634,13817,2183,545.75,2908.5,3454.0,"frozen 3200 condition/tile grid, split at gaps > 90 s (BEHAVIOR_ENDPOINT_SPEC.md 3.3), intersected with the valid (non-zero-padded) window",cache `blocks` (E:/srtp_phase4a/cache/...npz) + `valid256`
3106,T3_256ch,5,14355,16750,2395,598.75,3588.75,4187.25,"frozen 3200 condition/tile grid, split at gaps > 90 s (BEHAVIOR_ENDPOINT_SPEC.md 3.3), intersected with the valid (non-zero-padded) window",cache `blocks` (E:/srtp_phase4a/cache/...npz) + `valid256`
3107,T3_256ch,0,540,2840,2300,575.0,135.0,709.75,"frozen 3200 condition/tile grid, split at gaps > 90 s (BEHAVIOR_ENDPOINT_SPEC.md 3.3), intersected with the valid (non-zero-padded) window",cache `blocks` (E:/srtp_phase4a/cache/...npz) + `valid256`
3107,T3_256ch,1,3496,5768,2272,568.0,874.0,1441.75,"frozen 3200 condition/tile grid, split at gaps > 90 s (BEHAVIOR_ENDPOINT_SPEC.md 3.3), intersected with the valid (non-zero-padded) window",cache `blocks` (E:/srtp_phase4a/cache/...npz) + `valid256`
3107,T3_256ch,2,6633,8894,2261,565.25,1658.25,2223.25,"frozen 3200 condition/tile grid, split at gaps > 90 s (BEHAVIOR_ENDPOINT_SPEC.md 3.3), intersected with the valid (non-zero-padded) window",cache `blocks` (E:/srtp_phase4a/cache/...npz) + `valid256`
3107,T3_256ch,3,9570,11837,2267,566.75,2392.5,2959.0,"frozen 3200 condition/tile grid, split at gaps > 90 s (BEHAVIOR_ENDPOINT_SPEC.md 3.3), intersected with the valid (non-zero-padded) window",cache `blocks` (E:/srtp_phase4a/cache/...npz) + `valid256`
3107,T3_256ch,4,12575,14674,2099,524.75,3143.75,3668.25,"frozen 3200 condition/tile grid, split at gaps > 90 s (BEHAVIOR_ENDPOINT_SPEC.md 3.3), intersected with the valid (non-zero-padded) window",cache `blocks` (E:/srtp_phase4a/cache/...npz) + `valid256`
3107,T3_256ch,5,15323,17828,2505,626.25,3830.75,4456.75,"frozen 3200 condition/tile grid, split at gaps > 90 s (BEHAVIOR_ENDPOINT_SPEC.md 3.3), intersected with the valid (non-zero-padded) window",cache `blocks` (E:/srtp_phase4a/cache/...npz) + `valid256`
3108,T3_256ch,0,155,2543,2388,597.0,38.75,635.5,"frozen 3200 condition/tile grid, split at gaps > 90 s (BEHAVIOR_ENDPOINT_SPEC.md 3.3), intersected with the valid (non-zero-padded) window",cache `blocks` (E:/srtp_phase4a/cache/...npz) + `valid256`
3108,T3_256ch,1,3165,5367,2202,550.5,791.25,1341.5,"frozen 3200 condition/tile grid, split at gaps > 90 s (BEHAVIOR_ENDPOINT_SPEC.md 3.3), intersected with the valid (non-zero-padded) window",cache `blocks` (E:/srtp_phase4a/cache/...npz) + `valid256`
3108,T3_256ch,2,5979,8353,2374,593.5,1494.75,2088.0,"frozen 3200 condition/tile grid, split at gaps > 90 s (BEHAVIOR_ENDPOINT_SPEC.md 3.3), intersected with the valid (non-zero-padded) window",cache `blocks` (E:/srtp_phase4a/cache/...npz) + `valid256`
3108,T3_256ch,3,8894,11103,2209,552.25,2223.5,2775.5,"frozen 3200 condition/tile grid, split at gaps > 90 s (BEHAVIOR_ENDPOINT_SPEC.md 3.3), intersected with the valid (non-zero-padded) window",cache `blocks` (E:/srtp_phase4a/cache/...npz) + `valid256`
3108,T3_256ch,4,11617,13831,2214,553.5,2904.25,3457.5,"frozen 3200 condition/tile grid, split at gaps > 90 s (BEHAVIOR_ENDPOINT_SPEC.md 3.3), intersected with the valid (non-zero-padded) window",cache `blocks` (E:/srtp_phase4a/cache/...npz) + `valid256`
3108,T3_256ch,5,14304,16706,2402,600.5,3576.0,4176.25,"frozen 3200 condition/tile grid, split at gaps > 90 s (BEHAVIOR_ENDPOINT_SPEC.md 3.3), intersected with the valid (non-zero-padded) window",cache `blocks` (E:/srtp_phase4a/cache/...npz) + `valid256`
3109,T3_256ch,0,72,2488,2416,604.0,18.0,621.75,"frozen 3200 condition/tile grid, split at gaps > 90 s (BEHAVIOR_ENDPOINT_SPEC.md 3.3), intersected with the valid (non-zero-padded) window",cache `blocks` (E:/srtp_phase4a/cache/...npz) + `valid256`
3109,T3_256ch,1,4297,6486,2189,547.25,1074.25,1621.25,"frozen 3200 condition/tile grid, split at gaps > 90 s (BEHAVIOR_ENDPOINT_SPEC.md 3.3), intersected with the valid (non-zero-padded) window",cache `blocks` (E:/srtp_phase4a/cache/...npz) + `valid256`
3109,T3_256ch,2,6986,9327,2341,585.25,1746.5,2331.5,"frozen 3200 condition/tile grid, split at gaps > 90 s (BEHAVIOR_ENDPOINT_SPEC.md 3.3), intersected with the valid (non-zero-padded) window",cache `blocks` (E:/srtp_phase4a/cache/...npz) + `valid256`
3109,T3_256ch,3,9928,12100,2172,543.0,2482.0,3024.75,"frozen 3200 condition/tile grid, split at gaps > 90 s (BEHAVIOR_ENDPOINT_SPEC.md 3.3), intersected with the valid (non-zero-padded) window",cache `blocks` (E:/srtp_phase4a/cache/...npz) + `valid256`
3109,T3_256ch,4,12619,15002,2383,595.75,3154.75,3750.25,"frozen 3200 condition/tile grid, split at gaps > 90 s (BEHAVIOR_ENDPOINT_SPEC.md 3.3), intersected with the valid (non-zero-padded) window",cache `blocks` (E:/srtp_phase4a/cache/...npz) + `valid256`
3109,T3_256ch,5,15480,17767,2287,571.75,3870.0,4441.5,"frozen 3200 condition/tile grid, split at gaps > 90 s (BEHAVIOR_ENDPOINT_SPEC.md 3.3), intersected with the valid (non-zero-padded) window",cache `blocks` (E:/srtp_phase4a/cache/...npz) + `valid256`
3110,T3_256ch,0,187,2573,2386,596.5,46.75,643.0,"frozen 3200 condition/tile grid, split at gaps > 90 s (BEHAVIOR_ENDPOINT_SPEC.md 3.3), intersected with the valid (non-zero-padded) window",cache `blocks` (E:/srtp_phase4a/cache/...npz) + `valid256`
3110,T3_256ch,1,3312,5504,2192,548.0,828.0,1375.75,"frozen 3200 condition/tile grid, split at gaps > 90 s (BEHAVIOR_ENDPOINT_SPEC.md 3.3), intersected with the valid (non-zero-padded) window",cache `blocks` (E:/srtp_phase4a/cache/...npz) + `valid256`
3110,T3_256ch,2,6145,8513,2368,592.0,1536.25,2128.0,"frozen 3200 condition/tile grid, split at gaps > 90 s (BEHAVIOR_ENDPOINT_SPEC.md 3.3), intersected with the valid (non-zero-padded) window",cache `blocks` (E:/srtp_phase4a/cache/...npz) + `valid256`
3110,T3_256ch,3,9152,11351,2199,549.75,2288.0,2837.5,"frozen 3200 condition/tile grid, split at gaps > 90 s (BEHAVIOR_ENDPOINT_SPEC.md 3.3), intersected with the valid (non-zero-padded) window",cache `blocks` (E:/srtp_phase4a/cache/...npz) + `valid256`
3110,T3_256ch,4,11924,14138,2214,553.5,2981.0,3534.25,"frozen 3200 condition/tile grid, split at gaps > 90 s (BEHAVIOR_ENDPOINT_SPEC.md 3.3), intersected with the valid (non-zero-padded) window",cache `blocks` (E:/srtp_phase4a/cache/...npz) + `valid256`
3110,T3_256ch,5,14910,17320,2410,602.5,3727.5,4329.75,"frozen 3200 condition/tile grid, split at gaps > 90 s (BEHAVIOR_ENDPOINT_SPEC.md 3.3), intersected with the valid (non-zero-padded) window",cache `blocks` (E:/srtp_phase4a/cache/...npz) + `valid256`
3111,T3_256ch,0,37,2433,2396,599.0,9.25,608.0,"frozen 3200 condition/tile grid, split at gaps > 90 s (BEHAVIOR_ENDPOINT_SPEC.md 3.3), intersected with the valid (non-zero-padded) window",cache `blocks` (E:/srtp_phase4a/cache/...npz) + `valid256`
3111,T3_256ch,1,2981,5160,2179,544.75,745.25,1289.75,"frozen 3200 condition/tile grid, split at gaps > 90 s (BEHAVIOR_ENDPOINT_SPEC.md 3.3), intersected with the valid (non-zero-padded) window",cache `blocks` (E:/srtp_phase4a/cache/...npz) + `valid256`
3111,T3_256ch,2,5653,8023,2370,592.5,1413.25,2005.5,"frozen 3200 condition/tile grid, split at gaps > 90 s (BEHAVIOR_ENDPOINT_SPEC.md 3.3), intersected with the valid (non-zero-padded) window",cache `blocks` (E:/srtp_phase4a/cache/...npz) + `valid256`
3111,T3_256ch,3,8576,10776,2200,550.0,2144.0,2693.75,"frozen 3200 condition/tile grid, split at gaps > 90 s (BEHAVIOR_ENDPOINT_SPEC.md 3.3), intersected with the valid (non-zero-padded) window",cache `blocks` (E:/srtp_phase4a/cache/...npz) + `valid256`
3111,T3_256ch,4,11453,13663,2210,552.5,2863.25,3415.5,"frozen 3200 condition/tile grid, split at gaps > 90 s (BEHAVIOR_ENDPOINT_SPEC.md 3.3), intersected with the valid (non-zero-padded) window",cache `blocks` (E:/srtp_phase4a/cache/...npz) + `valid256`
3111,T3_256ch,5,14174,16636,2462,615.5,3543.5,4158.75,"frozen 3200 condition/tile grid, split at gaps > 90 s (BEHAVIOR_ENDPOINT_SPEC.md 3.3), intersected with the valid (non-zero-padded) window",cache `blocks` (E:/srtp_phase4a/cache/...npz) + `valid256`
3112,T3_256ch,0,30,2450,2420,605.0,7.5,612.25,"frozen 3200 condition/tile grid, split at gaps > 90 s (BEHAVIOR_ENDPOINT_SPEC.md 3.3), intersected with the valid (non-zero-padded) window",cache `blocks` (E:/srtp_phase4a/cache/...npz) + `valid256`
3112,T3_256ch,1,2960,5164,2204,551.0,740.0,1290.75,"frozen 3200 condition/tile grid, split at gaps > 90 s (BEHAVIOR_ENDPOINT_SPEC.md 3.3), intersected with the valid (non-zero-padded) window",cache `blocks` (E:/srtp_phase4a/cache/...npz) + `valid256`
3112,T3_256ch,2,5683,7888,2205,551.25,1420.75,1971.75,"frozen 3200 condition/tile grid, split at gaps > 90 s (BEHAVIOR_ENDPOINT_SPEC.md 3.3), intersected with the valid (non-zero-padded) window",cache `blocks` (E:/srtp_phase4a/cache/...npz) + `valid256`
3112,T3_256ch,3,8435,10806,2371,592.75,2108.75,2701.25,"frozen 3200 condition/tile grid, split at gaps > 90 s (BEHAVIOR_ENDPOINT_SPEC.md 3.3), intersected with the valid (non-zero-padded) window",cache `blocks` (E:/srtp_phase4a/cache/...npz) + `valid256`
3112,T3_256ch,4,11302,13518,2216,554.0,2825.5,3379.25,"frozen 3200 condition/tile grid, split at gaps > 90 s (BEHAVIOR_ENDPOINT_SPEC.md 3.3), intersected with the valid (non-zero-padded) window",cache `blocks` (E:/srtp_phase4a/cache/...npz) + `valid256`
3112,T3_256ch,5,13967,16350,2383,595.75,3491.75,4087.25,"frozen 3200 condition/tile grid, split at gaps > 90 s (BEHAVIOR_ENDPOINT_SPEC.md 3.3), intersected with the valid (non-zero-padded) window",cache `blocks` (E:/srtp_phase4a/cache/...npz) + `valid256`
3113,T3_256ch,0,31,2439,2408,602.0,7.75,609.5,"frozen 3200 condition/tile grid, split at gaps > 90 s (BEHAVIOR_ENDPOINT_SPEC.md 3.3), intersected with the valid (non-zero-padded) window",cache `blocks` (E:/srtp_phase4a/cache/...npz) + `valid256`
3113,T3_256ch,1,3053,5256,2203,550.75,763.25,1313.75,"frozen 3200 condition/tile grid, split at gaps > 90 s (BEHAVIOR_ENDPOINT_SPEC.md 3.3), intersected with the valid (non-zero-padded) window",cache `blocks` (E:/srtp_phase4a/cache/...npz) + `valid256`
3113,T3_256ch,2,5828,8197,2369,592.25,1457.0,2049.0,"frozen 3200 condition/tile grid, split at gaps > 90 s (BEHAVIOR_ENDPOINT_SPEC.md 3.3), intersected with the valid (non-zero-padded) window",cache `blocks` (E:/srtp_phase4a/cache/...npz) + `valid256`
3113,T3_256ch,3,8778,10989,2211,552.75,2194.5,2747.0,"frozen 3200 condition/tile grid, split at gaps > 90 s (BEHAVIOR_ENDPOINT_SPEC.md 3.3), intersected with the valid (non-zero-padded) window",cache `blocks` (E:/srtp_phase4a/cache/...npz) + `valid256`
3113,T3_256ch,4,11603,13809,2206,551.5,2900.75,3452.0,"frozen 3200 condition/tile grid, split at gaps > 90 s (BEHAVIOR_ENDPOINT_SPEC.md 3.3), intersected with the valid (non-zero-padded) window",cache `blocks` (E:/srtp_phase4a/cache/...npz) + `valid256`
3113,T3_256ch,5,14488,16912,2424,606.0,3622.0,4227.75,"frozen 3200 condition/tile grid, split at gaps > 90 s (BEHAVIOR_ENDPOINT_SPEC.md 3.3), intersected with the valid (non-zero-padded) window",cache `blocks` (E:/srtp_phase4a/cache/...npz) + `valid256`
3114,T3_256ch,0,520,2879,2359,589.75,130.0,719.5,"frozen 3200 condition/tile grid, split at gaps > 90 s (BEHAVIOR_ENDPOINT_SPEC.md 3.3), intersected with the valid (non-zero-padded) window",cache `blocks` (E:/srtp_phase4a/cache/...npz) + `valid256`
3114,T3_256ch,1,3547,5829,2282,570.5,886.75,1457.0,"frozen 3200 condition/tile grid, split at gaps > 90 s (BEHAVIOR_ENDPOINT_SPEC.md 3.3), intersected with the valid (non-zero-padded) window",cache `blocks` (E:/srtp_phase4a/cache/...npz) + `valid256`
3114,T3_256ch,2,6423,8532,2109,527.25,1605.75,2132.75,"frozen 3200 condition/tile grid, split at gaps > 90 s (BEHAVIOR_ENDPOINT_SPEC.md 3.3), intersected with the valid (non-zero-padded) window",cache `blocks` (E:/srtp_phase4a/cache/...npz) + `valid256`
3114,T3_256ch,3,9083,11378,2295,573.75,2270.75,2844.25,"frozen 3200 condition/tile grid, split at gaps > 90 s (BEHAVIOR_ENDPOINT_SPEC.md 3.3), intersected with the valid (non-zero-padded) window",cache `blocks` (E:/srtp_phase4a/cache/...npz) + `valid256`
3114,T3_256ch,4,12200,14469,2269,567.25,3050.0,3617.0,"frozen 3200 condition/tile grid, split at gaps > 90 s (BEHAVIOR_ENDPOINT_SPEC.md 3.3), intersected with the valid (non-zero-padded) window",cache `blocks` (E:/srtp_phase4a/cache/...npz) + `valid256`
3114,T3_256ch,5,15947,18380,2433,608.25,3986.75,4594.75,"frozen 3200 condition/tile grid, split at gaps > 90 s (BEHAVIOR_ENDPOINT_SPEC.md 3.3), intersected with the valid (non-zero-padded) window",cache `blocks` (E:/srtp_phase4a/cache/...npz) + `valid256`
3115,T3_256ch,0,37,2457,2420,605.0,9.25,614.0,"frozen 3200 condition/tile grid, split at gaps > 90 s (BEHAVIOR_ENDPOINT_SPEC.md 3.3), intersected with the valid (non-zero-padded) window",cache `blocks` (E:/srtp_phase4a/cache/...npz) + `valid256`
3115,T3_256ch,1,3208,5405,2197,549.25,802.0,1351.0,"frozen 3200 condition/tile grid, split at gaps > 90 s (BEHAVIOR_ENDPOINT_SPEC.md 3.3), intersected with the valid (non-zero-padded) window",cache `blocks` (E:/srtp_phase4a/cache/...npz) + `valid256`
3115,T3_256ch,2,6131,8324,2193,548.25,1532.75,2080.75,"frozen 3200 condition/tile grid, split at gaps > 90 s (BEHAVIOR_ENDPOINT_SPEC.md 3.3), intersected with the valid (non-zero-padded) window",cache `blocks` (E:/srtp_phase4a/cache/...npz) + `valid256`
3115,T3_256ch,3,9100,11453,2353,588.25,2275.0,2863.0,"frozen 3200 condition/tile grid, split at gaps > 90 s (BEHAVIOR_ENDPOINT_SPEC.md 3.3), intersected with the valid (non-zero-padded) window",cache `blocks` (E:/srtp_phase4a/cache/...npz) + `valid256`
3115,T3_256ch,4,12138,14337,2199,549.75,3034.5,3584.0,"frozen 3200 condition/tile grid, split at gaps > 90 s (BEHAVIOR_ENDPOINT_SPEC.md 3.3), intersected with the valid (non-zero-padded) window",cache `blocks` (E:/srtp_phase4a/cache/...npz) + `valid256`
3115,T3_256ch,5,15107,17493,2386,596.5,3776.75,4373.0,"frozen 3200 condition/tile grid, split at gaps > 90 s (BEHAVIOR_ENDPOINT_SPEC.md 3.3), intersected with the valid (non-zero-padded) window",cache `blocks` (E:/srtp_phase4a/cache/...npz) + `valid256`
3116,T3_256ch,0,484,2894,2410,602.5,121.0,723.25,"frozen 3200 condition/tile grid, split at gaps > 90 s (BEHAVIOR_ENDPOINT_SPEC.md 3.3), intersected with the valid (non-zero-padded) window",cache `blocks` (E:/srtp_phase4a/cache/...npz) + `valid256`
3116,T3_256ch,1,3593,5820,2227,556.75,898.25,1454.75,"frozen 3200 condition/tile grid, split at gaps > 90 s (BEHAVIOR_ENDPOINT_SPEC.md 3.3), intersected with the valid (non-zero-padded) window",cache `blocks` (E:/srtp_phase4a/cache/...npz) + `valid256`
3116,T3_256ch,2,6618,8828,2210,552.5,1654.5,2206.75,"frozen 3200 condition/tile grid, split at gaps > 90 s (BEHAVIOR_ENDPOINT_SPEC.md 3.3), intersected with the valid (non-zero-padded) window",cache `blocks` (E:/srtp_phase4a/cache/...npz) + `valid256`
3116,T3_256ch,3,9411,11634,2223,555.75,2352.75,2908.25,"frozen 3200 condition/tile grid, split at gaps > 90 s (BEHAVIOR_ENDPOINT_SPEC.md 3.3), intersected with the valid (non-zero-padded) window",cache `blocks` (E:/srtp_phase4a/cache/...npz) + `valid256`
3116,T3_256ch,4,12713,14940,2227,556.75,3178.25,3734.75,"frozen 3200 condition/tile grid, split at gaps > 90 s (BEHAVIOR_ENDPOINT_SPEC.md 3.3), intersected with the valid (non-zero-padded) window",cache `blocks` (E:/srtp_phase4a/cache/...npz) + `valid256`
3116,T3_256ch,5,16014,18460,2446,611.5,4003.5,4614.75,"frozen 3200 condition/tile grid, split at gaps > 90 s (BEHAVIOR_ENDPOINT_SPEC.md 3.3), intersected with the valid (non-zero-padded) window",cache `blocks` (E:/srtp_phase4a/cache/...npz) + `valid256`
3117,T3_256ch,0,27,2445,2418,604.5,6.75,611.0,"frozen 3200 condition/tile grid, split at gaps > 90 s (BEHAVIOR_ENDPOINT_SPEC.md 3.3), intersected with the valid (non-zero-padded) window",cache `blocks` (E:/srtp_phase4a/cache/...npz) + `valid256`
3117,T3_256ch,1,2926,5134,2208,552.0,731.5,1283.25,"frozen 3200 condition/tile grid, split at gaps > 90 s (BEHAVIOR_ENDPOINT_SPEC.md 3.3), intersected with the valid (non-zero-padded) window",cache `blocks` (E:/srtp_phase4a/cache/...npz) + `valid256`
3117,T3_256ch,2,5647,7860,2213,553.25,1411.75,1964.75,"frozen 3200 condition/tile grid, split at gaps > 90 s (BEHAVIOR_ENDPOINT_SPEC.md 3.3), intersected with the valid (non-zero-padded) window",cache `blocks` (E:/srtp_phase4a/cache/...npz) + `valid256`
3117,T3_256ch,3,8346,10724,2378,594.5,2086.5,2680.75,"frozen 3200 condition/tile grid, split at gaps > 90 s (BEHAVIOR_ENDPOINT_SPEC.md 3.3), intersected with the valid (non-zero-padded) window",cache `blocks` (E:/srtp_phase4a/cache/...npz) + `valid256`
3117,T3_256ch,4,11186,13402,2216,554.0,2796.5,3350.25,"frozen 3200 condition/tile grid, split at gaps > 90 s (BEHAVIOR_ENDPOINT_SPEC.md 3.3), intersected with the valid (non-zero-padded) window",cache `blocks` (E:/srtp_phase4a/cache/...npz) + `valid256`
3117,T3_256ch,5,13852,16214,2362,590.5,3463.0,4053.25,"frozen 3200 condition/tile grid, split at gaps > 90 s (BEHAVIOR_ENDPOINT_SPEC.md 3.3), intersected with the valid (non-zero-padded) window",cache `blocks` (E:/srtp_phase4a/cache/...npz) + `valid256`
3118,T3_256ch,0,265,2707,2442,610.5,66.25,676.5,"frozen 3200 condition/tile grid, split at gaps > 90 s (BEHAVIOR_ENDPOINT_SPEC.md 3.3), intersected with the valid (non-zero-padded) window",cache `blocks` (E:/srtp_phase4a/cache/...npz) + `valid256`
3118,T3_256ch,1,3297,5474,2177,544.25,824.25,1368.25,"frozen 3200 condition/tile grid, split at gaps > 90 s (BEHAVIOR_ENDPOINT_SPEC.md 3.3), intersected with the valid (non-zero-padded) window",cache `blocks` (E:/srtp_phase4a/cache/...npz) + `valid256`
3118,T3_256ch,2,5960,8286,2326,581.5,1490.0,2071.25,"frozen 3200 condition/tile grid, split at gaps > 90 s (BEHAVIOR_ENDPOINT_SPEC.md 3.3), intersected with the valid (non-zero-padded) window",cache `blocks` (E:/srtp_phase4a/cache/...npz) + `valid256`
3118,T3_256ch,3,9319,11525,2206,551.5,2329.75,2881.0,"frozen 3200 condition/tile grid, split at gaps > 90 s (BEHAVIOR_ENDPOINT_SPEC.md 3.3), intersected with the valid (non-zero-padded) window",cache `blocks` (E:/srtp_phase4a/cache/...npz) + `valid256`
3118,T3_256ch,4,12000,14349,2349,587.25,3000.0,3587.0,"frozen 3200 condition/tile grid, split at gaps > 90 s (BEHAVIOR_ENDPOINT_SPEC.md 3.3), intersected with the valid (non-zero-padded) window",cache `blocks` (E:/srtp_phase4a/cache/...npz) + `valid256`
3118,T3_256ch,5,14825,17141,2316,579.0,3706.25,4285.0,"frozen 3200 condition/tile grid, split at gaps > 90 s (BEHAVIOR_ENDPOINT_SPEC.md 3.3), intersected with the valid (non-zero-padded) window",cache `blocks` (E:/srtp_phase4a/cache/...npz) + `valid256`
3119,T3_256ch,0,42,2460,2418,604.5,10.5,614.75,"frozen 3200 condition/tile grid, split at gaps > 90 s (BEHAVIOR_ENDPOINT_SPEC.md 3.3), intersected with the valid (non-zero-padded) window",cache `blocks` (E:/srtp_phase4a/cache/...npz) + `valid256`
3119,T3_256ch,1,3103,5281,2178,544.5,775.75,1320.0,"frozen 3200 condition/tile grid, split at gaps > 90 s (BEHAVIOR_ENDPOINT_SPEC.md 3.3), intersected with the valid (non-zero-padded) window",cache `blocks` (E:/srtp_phase4a/cache/...npz) + `valid256`
3119,T3_256ch,2,5800,8161,2361,590.25,1450.0,2040.0,"frozen 3200 condition/tile grid, split at gaps > 90 s (BEHAVIOR_ENDPOINT_SPEC.md 3.3), intersected with the valid (non-zero-padded) window",cache `blocks` (E:/srtp_phase4a/cache/...npz) + `valid256`
3119,T3_256ch,3,8696,10863,2167,541.75,2174.0,2715.5,"frozen 3200 condition/tile grid, split at gaps > 90 s (BEHAVIOR_ENDPOINT_SPEC.md 3.3), intersected with the valid (non-zero-padded) window",cache `blocks` (E:/srtp_phase4a/cache/...npz) + `valid256`
3119,T3_256ch,4,11588,13969,2381,595.25,2897.0,3492.0,"frozen 3200 condition/tile grid, split at gaps > 90 s (BEHAVIOR_ENDPOINT_SPEC.md 3.3), intersected with the valid (non-zero-padded) window",cache `blocks` (E:/srtp_phase4a/cache/...npz) + `valid256`
3119,T3_256ch,5,14613,16963,2350,587.5,3653.25,4240.5,"frozen 3200 condition/tile grid, split at gaps > 90 s (BEHAVIOR_ENDPOINT_SPEC.md 3.3), intersected with the valid (non-zero-padded) window",cache `blocks` (E:/srtp_phase4a/cache/...npz) + `valid256`
3120,T3_256ch,0,113,2480,2367,591.75,28.25,619.75,"frozen 3200 condition/tile grid, split at gaps > 90 s (BEHAVIOR_ENDPOINT_SPEC.md 3.3), intersected with the valid (non-zero-padded) window",cache `blocks` (E:/srtp_phase4a/cache/...npz) + `valid256`
3120,T3_256ch,1,3235,5577,2342,585.5,808.75,1394.0,"frozen 3200 condition/tile grid, split at gaps > 90 s (BEHAVIOR_ENDPOINT_SPEC.md 3.3), intersected with the valid (non-zero-padded) window",cache `blocks` (E:/srtp_phase4a/cache/...npz) + `valid256`
3120,T3_256ch,2,6309,8505,2196,549.0,1577.25,2126.0,"frozen 3200 condition/tile grid, split at gaps > 90 s (BEHAVIOR_ENDPOINT_SPEC.md 3.3), intersected with the valid (non-zero-padded) window",cache `blocks` (E:/srtp_phase4a/cache/...npz) + `valid256`
3120,T3_256ch,3,9187,11385,2198,549.5,2296.75,2846.0,"frozen 3200 condition/tile grid, split at gaps > 90 s (BEHAVIOR_ENDPOINT_SPEC.md 3.3), intersected with the valid (non-zero-padded) window",cache `blocks` (E:/srtp_phase4a/cache/...npz) + `valid256`
3120,T3_256ch,4,12003,14215,2212,553.0,3000.75,3553.5,"frozen 3200 condition/tile grid, split at gaps > 90 s (BEHAVIOR_ENDPOINT_SPEC.md 3.3), intersected with the valid (non-zero-padded) window",cache `blocks` (E:/srtp_phase4a/cache/...npz) + `valid256`
3120,T3_256ch,5,14891,17342,2451,612.75,3722.75,4335.25,"frozen 3200 condition/tile grid, split at gaps > 90 s (BEHAVIOR_ENDPOINT_SPEC.md 3.3), intersected with the valid (non-zero-padded) window",cache `blocks` (E:/srtp_phase4a/cache/...npz) + `valid256`
3124,T3_256ch,0,52,2423,2371,592.75,13.0,605.5,"frozen 3200 condition/tile grid, split at gaps > 90 s (BEHAVIOR_ENDPOINT_SPEC.md 3.3), intersected with the valid (non-zero-padded) window",cache `blocks` (E:/srtp_phase4a/cache/...npz) + `valid256`
3124,T3_256ch,1,3146,5494,2348,587.0,786.5,1373.25,"frozen 3200 condition/tile grid, split at gaps > 90 s (BEHAVIOR_ENDPOINT_SPEC.md 3.3), intersected with the valid (non-zero-padded) window",cache `blocks` (E:/srtp_phase4a/cache/...npz) + `valid256`
3124,T3_256ch,2,6397,8548,2151,537.75,1599.25,2136.75,"frozen 3200 condition/tile grid, split at gaps > 90 s (BEHAVIOR_ENDPOINT_SPEC.md 3.3), intersected with the valid (non-zero-padded) window",cache `blocks` (E:/srtp_phase4a/cache/...npz) + `valid256`
3124,T3_256ch,3,9841,12223,2382,595.5,2460.25,3055.5,"frozen 3200 condition/tile grid, split at gaps > 90 s (BEHAVIOR_ENDPOINT_SPEC.md 3.3), intersected with the valid (non-zero-padded) window",cache `blocks` (E:/srtp_phase4a/cache/...npz) + `valid256`
3124,T3_256ch,4,13015,15240,2225,556.25,3253.75,3809.75,"frozen 3200 condition/tile grid, split at gaps > 90 s (BEHAVIOR_ENDPOINT_SPEC.md 3.3), intersected with the valid (non-zero-padded) window",cache `blocks` (E:/srtp_phase4a/cache/...npz) + `valid256`
3124,T3_256ch,5,15960,18300,2340,585.0,3990.0,4574.75,"frozen 3200 condition/tile grid, split at gaps > 90 s (BEHAVIOR_ENDPOINT_SPEC.md 3.3), intersected with the valid (non-zero-padded) window",cache `blocks` (E:/srtp_phase4a/cache/...npz) + `valid256`
3127,T3_256ch,0,73,2488,2415,603.75,18.25,621.75,"frozen 3200 condition/tile grid, split at gaps > 90 s (BEHAVIOR_ENDPOINT_SPEC.md 3.3), intersected with the valid (non-zero-padded) window",cache `blocks` (E:/srtp_phase4a/cache/...npz) + `valid256`
3127,T3_256ch,1,3687,5904,2217,554.25,921.75,1475.75,"frozen 3200 condition/tile grid, split at gaps > 90 s (BEHAVIOR_ENDPOINT_SPEC.md 3.3), intersected with the valid (non-zero-padded) window",cache `blocks` (E:/srtp_phase4a/cache/...npz) + `valid256`
3127,T3_256ch,2,6643,8879,2236,559.0,1660.75,2219.5,"frozen 3200 condition/tile grid, split at gaps > 90 s (BEHAVIOR_ENDPOINT_SPEC.md 3.3), intersected with the valid (non-zero-padded) window",cache `blocks` (E:/srtp_phase4a/cache/...npz) + `valid256`
3127,T3_256ch,3,10099,12315,2216,554.0,2524.75,3078.5,"frozen 3200 condition/tile grid, split at gaps > 90 s (BEHAVIOR_ENDPOINT_SPEC.md 3.3), intersected with the valid (non-zero-padded) window",cache `blocks` (E:/srtp_phase4a/cache/...npz) + `valid256`
3127,T3_256ch,4,13486,15880,2394,598.5,3371.5,3969.75,"frozen 3200 condition/tile grid, split at gaps > 90 s (BEHAVIOR_ENDPOINT_SPEC.md 3.3), intersected with the valid (non-zero-padded) window",cache `blocks` (E:/srtp_phase4a/cache/...npz) + `valid256`
3201,T3_256ch,0,40,2435,2395,598.75,10.0,608.5,"frozen 3200 condition/tile grid, split at gaps > 90 s (BEHAVIOR_ENDPOINT_SPEC.md 3.3), intersected with the valid (non-zero-padded) window",cache `blocks` (E:/srtp_phase4a/cache/...npz) + `valid256`
3201,T3_256ch,1,2918,5122,2204,551.0,729.5,1280.25,"frozen 3200 condition/tile grid, split at gaps > 90 s (BEHAVIOR_ENDPOINT_SPEC.md 3.3), intersected with the valid (non-zero-padded) window",cache `blocks` (E:/srtp_phase4a/cache/...npz) + `valid256`
3201,T3_256ch,2,5581,7956,2375,593.75,1395.25,1988.75,"frozen 3200 condition/tile grid, split at gaps > 90 s (BEHAVIOR_ENDPOINT_SPEC.md 3.3), intersected with the valid (non-zero-padded) window",cache `blocks` (E:/srtp_phase4a/cache/...npz) + `valid256`
3201,T3_256ch,3,8425,10634,2209,552.25,2106.25,2658.25,"frozen 3200 condition/tile grid, split at gaps > 90 s (BEHAVIOR_ENDPOINT_SPEC.md 3.3), intersected with the valid (non-zero-padded) window",cache `blocks` (E:/srtp_phase4a/cache/...npz) + `valid256`
3201,T3_256ch,4,11143,13352,2209,552.25,2785.75,3337.75,"frozen 3200 condition/tile grid, split at gaps > 90 s (BEHAVIOR_ENDPOINT_SPEC.md 3.3), intersected with the valid (non-zero-padded) window",cache `blocks` (E:/srtp_phase4a/cache/...npz) + `valid256`
3201,T3_256ch,5,13878,16292,2414,603.5,3469.5,4072.75,"frozen 3200 condition/tile grid, split at gaps > 90 s (BEHAVIOR_ENDPOINT_SPEC.md 3.3), intersected with the valid (non-zero-padded) window",cache `blocks` (E:/srtp_phase4a/cache/...npz) + `valid256`
3202,T3_256ch,0,182,2591,2409,602.25,45.5,647.5,"frozen 3200 condition/tile grid, split at gaps > 90 s (BEHAVIOR_ENDPOINT_SPEC.md 3.3), intersected with the valid (non-zero-padded) window",cache `blocks` (E:/srtp_phase4a/cache/...npz) + `valid256`
3202,T3_256ch,1,3358,5545,2187,546.75,839.5,1386.0,"frozen 3200 condition/tile grid, split at gaps > 90 s (BEHAVIOR_ENDPOINT_SPEC.md 3.3), intersected with the valid (non-zero-padded) window",cache `blocks` (E:/srtp_phase4a/cache/...npz) + `valid256`
3202,T3_256ch,2,6322,8667,2345,586.25,1580.5,2166.5,"frozen 3200 condition/tile grid, split at gaps > 90 s (BEHAVIOR_ENDPOINT_SPEC.md 3.3), intersected with the valid (non-zero-padded) window",cache `blocks` (E:/srtp_phase4a/cache/...npz) + `valid256`
3202,T3_256ch,3,9323,11505,2182,545.5,2330.75,2876.0,"frozen 3200 condition/tile grid, split at gaps > 90 s (BEHAVIOR_ENDPOINT_SPEC.md 3.3), intersected with the valid (non-zero-padded) window",cache `blocks` (E:/srtp_phase4a/cache/...npz) + `valid256`
3202,T3_256ch,4,12137,14479,2342,585.5,3034.25,3619.5,"frozen 3200 condition/tile grid, split at gaps > 90 s (BEHAVIOR_ENDPOINT_SPEC.md 3.3), intersected with the valid (non-zero-padded) window",cache `blocks` (E:/srtp_phase4a/cache/...npz) + `valid256`
3202,T3_256ch,5,15071,17380,2309,577.25,3767.75,4344.75,"frozen 3200 condition/tile grid, split at gaps > 90 s (BEHAVIOR_ENDPOINT_SPEC.md 3.3), intersected with the valid (non-zero-padded) window",cache `blocks` (E:/srtp_phase4a/cache/...npz) + `valid256`
3203,T3_256ch,0,37,2430,2393,598.25,9.25,607.25,"frozen 3200 condition/tile grid, split at gaps > 90 s (BEHAVIOR_ENDPOINT_SPEC.md 3.3), intersected with the valid (non-zero-padded) window",cache `blocks` (E:/srtp_phase4a/cache/...npz) + `valid256`
3203,T3_256ch,1,3282,5484,2202,550.5,820.5,1370.75,"frozen 3200 condition/tile grid, split at gaps > 90 s (BEHAVIOR_ENDPOINT_SPEC.md 3.3), intersected with the valid (non-zero-padded) window",cache `blocks` (E:/srtp_phase4a/cache/...npz) + `valid256`
3203,T3_256ch,2,6520,8896,2376,594.0,1630.0,2223.75,"frozen 3200 condition/tile grid, split at gaps > 90 s (BEHAVIOR_ENDPOINT_SPEC.md 3.3), intersected with the valid (non-zero-padded) window",cache `blocks` (E:/srtp_phase4a/cache/...npz) + `valid256`
3203,T3_256ch,3,9799,12019,2220,555.0,2449.75,3004.5,"frozen 3200 condition/tile grid, split at gaps > 90 s (BEHAVIOR_ENDPOINT_SPEC.md 3.3), intersected with the valid (non-zero-padded) window",cache `blocks` (E:/srtp_phase4a/cache/...npz) + `valid256`
3203,T3_256ch,4,12736,14922,2186,546.5,3184.0,3730.25,"frozen 3200 condition/tile grid, split at gaps > 90 s (BEHAVIOR_ENDPOINT_SPEC.md 3.3), intersected with the valid (non-zero-padded) window",cache `blocks` (E:/srtp_phase4a/cache/...npz) + `valid256`
3203,T3_256ch,5,15709,18104,2395,598.75,3927.25,4525.75,"frozen 3200 condition/tile grid, split at gaps > 90 s (BEHAVIOR_ENDPOINT_SPEC.md 3.3), intersected with the valid (non-zero-padded) window",cache `blocks` (E:/srtp_phase4a/cache/...npz) + `valid256`
