protocol,data_label,burnin_seconds,measure_seconds,n_sessions_eligible,n_subjects_with_2plus_paired,mean_rho_session_disjoint,mean_nmae_session_disjoint,mean_abs_dz_early_late,mean_rho_paired_disjoint,mean_sign_agreement_vs_full,rho_J,rho_V,rho_Jres,nmae_J,nmae_V,nmae_Jres,absdz_J,absdz_V,absdz_Jres
B0_T32,k8,0,32,135,67,0.3861900908891289,0.697759763544784,0.358496491221092,0.20385757742479235,0.5704809286898839,0.420831292665185,0.3580231066385049,0.37971587336369694,0.6382944723090391,0.7889631396583466,0.6660216786669666,0.3724762467130353,0.31645843883805014,0.38655478811219074
B0_T60,k15,0,60,135,67,0.5352833506440068,0.5180580531227292,0.2554256634581475,0.36012789563364767,0.6799336650082919,0.5609586797535017,0.49274371355996377,0.5521476586185549,0.4778711451398309,0.5978499942804635,0.4784530199478934,0.24995031457812134,0.22518055222938035,0.29114612356694064
B0_T120,k30,0,120,129,61,0.6931723315444246,0.4024812781063891,0.18274375960718062,0.46095540278512254,0.7595356550580431,0.7057617769827074,0.673362030411449,0.7003931872391176,0.3737579057392906,0.4599269281983019,0.3737590003815749,0.1583285183712907,0.19053765568435135,0.1993651047658999
B32_T32,B32_T32,32,32,135,67,0.4057939134983157,0.6994015728187134,0.21396192739656425,0.22497147657086858,0.6467661691542289,0.44105727507753595,0.37529197869143327,0.40103248672597785,0.6407868548758295,0.7954444186542285,0.6619734449260823,0.24317236208639956,0.18002184462570583,0.21869157547758733
B32_T60,B32_T60,32,60,135,67,0.5775292476206473,0.5204971545518192,0.21676571772864017,0.3392083747550732,0.7330016583747928,0.6178795564672268,0.5237918789475108,0.5909163074472042,0.4687772475953103,0.6065211577770465,0.48619305828310094,0.26120715709289494,0.14035375323435242,0.24873624285867316
B32_T120,B32_T120,32,120,104,43,0.7241781950519816,0.36964789211971055,0.16989892812865712,0.5539951005067284,0.8341625207296848,0.7433443579074649,0.6849212276396743,0.7442689996088054,0.32440003977172044,0.43811807575424644,0.3464255608331648,0.1643041850952446,0.14002668521337383,0.20536591407735286
B60_T32,B60_T32,60,32,135,67,0.43008362711895565,0.6900724636695488,0.18689008168909363,0.2688164713142913,0.6882255389718076,0.46072215792019183,0.40035204319679013,0.4291766802398849,0.6366190536916416,0.77595192482371,0.6576464124932947,0.17093495528940653,0.16876549755451556,0.22096979222335889
B60_T60,B60_T60,60,60,135,67,0.5912719780632988,0.5118855742354128,0.06358696396472682,0.4474676802088392,0.7197346600331676,0.6144826667524667,0.5580178325394423,0.6013154348979874,0.48460460441215614,0.5810376938025713,0.47001442449151076,0.06269385352730465,0.06872854241375465,0.05933849595312115
B60_T120,B60_T120,60,120,1,0,,,,,0.8374792703150912,,,,,,,,,
