subject,session,stem,file,header_sfreq,nbchan,n_epochs,pnts,eye_state_verdict,eye_state_evidence,source_name,eye_evidence_strength,paired
sub-01,ses-1,sub-01_ses-1,sub-01_ses-1.set,500.0,61,69,2000,explicit_open,- 4-s epochs pruned with ICA Original file: gaorui_sleep_open.eeg D:\data_for_capstone_project\Resting-State-EEG-Dataset-for-SD\03_ica,gaorui_sleep_open.eeg,explicit_open,True
sub-01,ses-2,sub-01_ses-2,sub-01_ses-2.set,500.0,61,54,2000,explicit_open,- 4-s epochs pruned with ICA Original file: gaorui_D_open.eeg D:\data_for_capstone_project\Resting-State-EEG-Dataset-for-SD\03_ica,gaorui_D_open.eeg,explicit_open,True
sub-02,ses-1,sub-02_ses-1,sub-02_ses-1.set,500.0,61,70,2000,explicit_open,- 4-s epochs pruned with ICA Original file: zhangjinpeng_sleep_open.eeg D:\data_for_capstone_project\Resting-State-EEG-Dataset-for-SD\03_ica,zhangjinpeng_sleep_open.eeg,explicit_open,True
sub-02,ses-2,sub-02_ses-2,sub-02_ses-2.set,500.0,61,64,2000,explicit_open,- 4-s epochs pruned with ICA Original file: zhangjinpeng_D_open.eeg D:\data_for_capstone_project\Resting-State-EEG-Dataset-for-SD\03_ica,zhangjinpeng_D_open.eeg,explicit_open,True
sub-03,ses-1,sub-03_ses-1,sub-03_ses-1.set,500.0,61,73,2000,explicit_open,- 4-s epochs pruned with ICA Original file: gemanling_sleep_open.eeg D:\data_for_capstone_project\Resting-State-EEG-Dataset-for-SD\03_ica,gemanling_sleep_open.eeg,explicit_open,True
sub-03,ses-2,sub-03_ses-2,sub-03_ses-2.set,500.0,61,70,2000,explicit_open,- 4-s epochs pruned with ICA Original file: gemanling_D_open.eeg D:\data_for_capstone_project\Resting-State-EEG-Dataset-for-SD\03_ica,gemanling_D_open.eeg,explicit_open,True
sub-04,ses-1,sub-04_ses-1,sub-04_ses-1.set,500.0,61,4,2000,explicit_open,- 4-s epochs pruned with ICA Original file: lixu_sleep_open.eeg D:\data_for_capstone_project\Resting-State-EEG-Dataset-for-SD\03_ica,lixu_sleep_open.eeg,explicit_open,True
sub-04,ses-2,sub-04_ses-2,sub-04_ses-2.set,500.0,61,62,2000,explicit_open,- 4-s epochs pruned with ICA Original file: lixu_D_open.eeg D:\data_for_capstone_project\Resting-State-EEG-Dataset-for-SD\03_ica,lixu_D_open.eeg,explicit_open,True
sub-05,ses-1,sub-05_ses-1,sub-05_ses-1.set,500.0,61,65,2000,explicit_open,- 4-s epochs pruned with ICA Original file: lizhuofan_sleep_open.eeg D:\data_for_capstone_project\Resting-State-EEG-Dataset-for-SD\03_ica,lizhuofan_sleep_open.eeg,explicit_open,True
sub-05,ses-2,sub-05_ses-2,sub-05_ses-2.set,500.0,61,67,2000,explicit_open,- 4-s epochs pruned with ICA Original file: lizhuofan_D_open.eeg D:\data_for_capstone_project\Resting-State-EEG-Dataset-for-SD\03_ica,lizhuofan_D_open.eeg,explicit_open,True
sub-06,ses-1,sub-06_ses-1,sub-06_ses-1.set,500.0,61,74,2000,explicit_open,- 4-s epochs pruned with ICA Original file: zhangpeilin_sleep_openeye.eeg D:\data_for_capstone_project\Resting-State-EEG-Dataset-for-SD\03_ica,zhangpeilin_sleep_openeye.eeg,explicit_open,True
sub-06,ses-2,sub-06_ses-2,sub-06_ses-2.set,500.0,61,64,2000,explicit_open,- 4-s epochs pruned with ICA Original file: zhangpeilin_D_open.eeg D:\data_for_capstone_project\Resting-State-EEG-Dataset-for-SD\03_ica,zhangpeilin_D_open.eeg,explicit_open,True
sub-07,ses-1,sub-07_ses-1,sub-07_ses-1.set,500.0,61,63,2000,explicit_open,- 4-s epochs pruned with ICA Original file: hutianyi_sleep_open.eeg D:\data_for_capstone_project\Resting-State-EEG-Dataset-for-SD\03_ica,hutianyi_sleep_open.eeg,explicit_open,True
sub-07,ses-2,sub-07_ses-2,sub-07_ses-2.set,500.0,61,68,2000,explicit_open,- 4-s epochs pruned with ICA Original file: hutianyi_D_open.eeg D:\data_for_capstone_project\Resting-State-EEG-Dataset-for-SD\03_ica,hutianyi_D_open.eeg,explicit_open,True
sub-08,ses-1,sub-08_ses-1,sub-08_ses-1.set,500.0,61,65,2000,explicit_open,- 4-s epochs pruned with ICA Original file: luodongxu_sleep_open.eeg D:\data_for_capstone_project\Resting-State-EEG-Dataset-for-SD\03_ica,luodongxu_sleep_open.eeg,explicit_open,True
sub-08,ses-2,sub-08_ses-2,sub-08_ses-2.set,500.0,61,62,2000,explicit_open,- 4-s epochs pruned with ICA Original file: luodongxu_D_openeye.eeg D:\data_for_capstone_project\Resting-State-EEG-Dataset-for-SD\03_ica,luodongxu_D_openeye.eeg,explicit_open,True
sub-09,ses-1,sub-09_ses-1,sub-09_ses-1.set,500.0,61,69,2000,explicit_open,- 4-s epochs pruned with ICA Original file: heguiyan_sleep_open.eeg D:\data_for_capstone_project\Resting-State-EEG-Dataset-for-SD\03_ica,heguiyan_sleep_open.eeg,explicit_open,True
sub-09,ses-2,sub-09_ses-2,sub-09_ses-2.set,500.0,61,58,2000,explicit_open,- 4-s epochs pruned with ICA Original file: heguiyan_D_open.eeg D:\data_for_capstone_project\Resting-State-EEG-Dataset-for-SD\03_ica,heguiyan_D_open.eeg,explicit_open,True
sub-10,ses-1,sub-10_ses-1,sub-10_ses-1.set,500.0,61,69,2000,explicit_open,- 4-s epochs pruned with ICA Original file: wangjue_sleep_open.eeg D:\data_for_capstone_project\Resting-State-EEG-Dataset-for-SD\03_ica,wangjue_sleep_open.eeg,explicit_open,True
sub-10,ses-2,sub-10_ses-2,sub-10_ses-2.set,500.0,61,71,2000,explicit_open,- 4-s epochs pruned with ICA Original file: wangjue_D_open.eeg D:\data_for_capstone_project\Resting-State-EEG-Dataset-for-SD\03_ica,wangjue_D_open.eeg,explicit_open,True
sub-11,ses-1,sub-11_ses-1,sub-11_ses-1.set,500.0,61,64,2000,explicit_open,- 4-s epochs pruned with ICA Original file: xiaojiayi_sleep_open.eeg D:\data_for_capstone_project\Resting-State-EEG-Dataset-for-SD\03_ica,xiaojiayi_sleep_open.eeg,explicit_open,True
sub-11,ses-2,sub-11_ses-2,sub-11_ses-2.set,500.0,61,66,2000,explicit_open,"xiaojiayi_D_open_5min_61 - 4-s epochs pruned with ICA ['Parent dataset: xiaojiayi_D_open_5min_61             '
 '                                                     '
 'Parent dataset ""xiaojiayi_D_open_5min_61"": ----------'
 'Original file: xiaojiayi_D_open.eeg                  '] D:\data_for_capst",xiaojiayi_D_open.eeg                  ',explicit_open,True
sub-12,ses-1,sub-12_ses-1,sub-12_ses-1.set,500.0,61,57,2000,explicit_open,- 4-s epochs pruned with ICA Original file: zhangbingtao_sleep_open.eeg D:\data_for_capstone_project\Resting-State-EEG-Dataset-for-SD\03_ica,zhangbingtao_sleep_open.eeg,explicit_open,True
sub-12,ses-2,sub-12_ses-2,sub-12_ses-2.set,500.0,61,66,2000,explicit_open,- 4-s epochs pruned with ICA Original file: zhangbingtao_D_open.eeg D:\data_for_capstone_project\Resting-State-EEG-Dataset-for-SD\03_ica,zhangbingtao_D_open.eeg,explicit_open,True
sub-13,ses-1,sub-13_ses-1,sub-13_ses-1.set,500.0,61,72,2000,explicit_open,- 4-s epochs pruned with ICA Original file: liaoxiwei_sleep_open.eeg D:\data_for_capstone_project\Resting-State-EEG-Dataset-for-SD\03_ica,liaoxiwei_sleep_open.eeg,explicit_open,True
sub-13,ses-2,sub-13_ses-2,sub-13_ses-2.set,500.0,61,69,2000,explicit_open,- 4-s epochs pruned with ICA Original file: liaoxiwei_D_open.eeg D:\data_for_capstone_project\Resting-State-EEG-Dataset-for-SD\03_ica,liaoxiwei_D_open.eeg,explicit_open,True
sub-14,ses-1,sub-14_ses-1,sub-14_ses-1.set,500.0,61,71,2000,explicit_open,- 4-s epochs pruned with ICA Original file: sub14_s_open.eeg D:\data_for_capstone_project\Resting-State-EEG-Dataset-for-SD\03_ica,sub14_s_open.eeg,explicit_open,True
sub-14,ses-2,sub-14_ses-2,sub-14_ses-2.set,500.0,61,70,2000,explicit_open,- 4-s epochs pruned with ICA Original file: sub14_sd_open.eeg D:\data_for_capstone_project\Resting-State-EEG-Dataset-for-SD\03_ica,sub14_sd_open.eeg,explicit_open,True
sub-15,ses-1,sub-15_ses-1,sub-15_ses-1.set,500.0,61,73,2000,explicit_open,- 4-s epochs pruned with ICA Original file: sub25_s_open.eeg D:\data_for_capstone_project\Resting-State-EEG-Dataset-for-SD\03_ica,sub25_s_open.eeg,explicit_open,True
sub-15,ses-2,sub-15_ses-2,sub-15_ses-2.set,500.0,61,73,2000,explicit_open,- 4-s epochs pruned with ICA Original file: sub25_sd_open.eeg D:\data_for_capstone_project\Resting-State-EEG-Dataset-for-SD\03_ica,sub25_sd_open.eeg,explicit_open,True
sub-16,ses-1,sub-16_ses-1,sub-16_ses-1.set,500.0,61,72,2000,explicit_open,- 4-s epochs pruned with ICA Original file: sub23_s_open.eeg D:\data_for_capstone_project\Resting-State-EEG-Dataset-for-SD\03_ica,sub23_s_open.eeg,explicit_open,True
sub-16,ses-2,sub-16_ses-2,sub-16_ses-2.set,500.0,61,73,2000,explicit_open,- 4-s epochs pruned with ICA Original file: sub23_sd_open.eeg D:\data_for_capstone_project\Resting-State-EEG-Dataset-for-SD\03_ica,sub23_sd_open.eeg,explicit_open,True
sub-17,ses-1,sub-17_ses-1,sub-17_ses-1.set,500.0,61,73,2000,explicit_open,- 4-s epochs pruned with ICA Original file: sub22_s_open.eeg D:\data_for_capstone_project\Resting-State-EEG-Dataset-for-SD\03_ica,sub22_s_open.eeg,explicit_open,True
sub-17,ses-2,sub-17_ses-2,sub-17_ses-2.set,500.0,61,73,2000,explicit_open,- 4-s epochs pruned with ICA Original file: sub22_sd_open.eeg D:\data_for_capstone_project\Resting-State-EEG-Dataset-for-SD\03_ica,sub22_sd_open.eeg,explicit_open,True
sub-18,ses-1,sub-18_ses-1,sub-18_ses-1.set,500.0,61,73,2000,explicit_open,- 4-s epochs pruned with ICA Original file: sub27_s_open.eeg D:\data_for_capstone_project\Resting-State-EEG-Dataset-for-SD\03_ica,sub27_s_open.eeg,explicit_open,True
sub-18,ses-2,sub-18_ses-2,sub-18_ses-2.set,500.0,61,70,2000,explicit_open,- 4-s epochs pruned with ICA Original file: sub27_sd_open.eeg D:\data_for_capstone_project\Resting-State-EEG-Dataset-for-SD\03_ica,sub27_sd_open.eeg,explicit_open,True
sub-19,ses-1,sub-19_ses-1,sub-19_ses-1.set,500.0,61,72,2000,explicit_open,- 4-s epochs pruned with ICA Original file: sub18_s_open.eeg D:\data_for_capstone_project\Resting-State-EEG-Dataset-for-SD\03_ica,sub18_s_open.eeg,explicit_open,True
sub-19,ses-2,sub-19_ses-2,sub-19_ses-2.set,500.0,61,72,2000,explicit_open,- 4-s epochs pruned with ICA Original file: sub18_sd_open.eeg D:\data_for_capstone_project\Resting-State-EEG-Dataset-for-SD\03_ica,sub18_sd_open.eeg,explicit_open,True
sub-20,ses-1,sub-20_ses-1,sub-20_ses-1.set,500.0,61,74,2000,explicit_open,- 4-s epochs pruned with ICA Original file: sub16_s_open.eeg D:\data_for_capstone_project\Resting-State-EEG-Dataset-for-SD\03_ica,sub16_s_open.eeg,explicit_open,True
sub-20,ses-2,sub-20_ses-2,sub-20_ses-2.set,500.0,61,69,2000,explicit_open,- 4-s epochs pruned with ICA Original file: sub16_sd_open.eeg D:\data_for_capstone_project\Resting-State-EEG-Dataset-for-SD\03_ica,sub16_sd_open.eeg,explicit_open,True
sub-21,ses-1,sub-21_ses-1,sub-21_ses-1.set,500.0,61,63,2000,explicit_open,- 4-s epochs pruned with ICA Original file: sub17_s_open.eeg D:\data_for_capstone_project\Resting-State-EEG-Dataset-for-SD\03_ica,sub17_s_open.eeg,explicit_open,True
sub-21,ses-2,sub-21_ses-2,sub-21_ses-2.set,500.0,61,64,2000,explicit_open,- 4-s epochs pruned with ICA Original file: sub17_sd_open.eeg D:\data_for_capstone_project\Resting-State-EEG-Dataset-for-SD\03_ica,sub17_sd_open.eeg,explicit_open,True
sub-22,ses-1,sub-22_ses-1,sub-22_ses-1.set,500.0,61,73,2000,explicit_open,- 4-s epochs pruned with ICA Original file: sub15_s_open.eeg D:\data_for_capstone_project\Resting-State-EEG-Dataset-for-SD\03_ica,sub15_s_open.eeg,explicit_open,True
sub-22,ses-2,sub-22_ses-2,sub-22_ses-2.set,500.0,61,73,2000,explicit_open,- 4-s epochs pruned with ICA Original file: sub15_sd_open.eeg D:\data_for_capstone_project\Resting-State-EEG-Dataset-for-SD\03_ica,sub15_sd_open.eeg,explicit_open,True
sub-23,ses-1,sub-23_ses-1,sub-23_ses-1.set,500.0,61,74,2000,explicit_open,- 4-s epochs pruned with ICA Original file: sub26_sd_open.eeg D:\data_for_capstone_project\Resting-State-EEG-Dataset-for-SD\03_ica,sub26_sd_open.eeg,explicit_open,True
sub-23,ses-2,sub-23_ses-2,sub-23_ses-2.set,500.0,61,74,2000,explicit_open,- 4-s epochs pruned with ICA Original file: sub26_s_open.eeg D:\data_for_capstone_project\Resting-State-EEG-Dataset-for-SD\03_ica,sub26_s_open.eeg,explicit_open,True
sub-24,ses-1,sub-24_ses-1,sub-24_ses-1.set,500.0,61,72,2000,explicit_open,- 4-s epochs pruned with ICA Original file: sub24_s_open.eeg D:\data_for_capstone_project\Resting-State-EEG-Dataset-for-SD\03_ica,sub24_s_open.eeg,explicit_open,True
sub-24,ses-2,sub-24_ses-2,sub-24_ses-2.set,500.0,61,70,2000,explicit_open,- 4-s epochs pruned with ICA Original file: sub24_sd_open.eeg D:\data_for_capstone_project\Resting-State-EEG-Dataset-for-SD\03_ica,sub24_sd_open.eeg,explicit_open,True
sub-25,ses-1,sub-25_ses-1,sub-25_ses-1.set,500.0,61,73,2000,explicit_open,- 4-s epochs pruned with ICA Original file: sub20_s_open.eeg D:\data_for_capstone_project\Resting-State-EEG-Dataset-for-SD\03_ica,sub20_s_open.eeg,explicit_open,True
sub-25,ses-2,sub-25_ses-2,sub-25_ses-2.set,500.0,61,73,2000,explicit_open,- 4-s epochs pruned with ICA Original file: sub20_sd_open.eeg D:\data_for_capstone_project\Resting-State-EEG-Dataset-for-SD\03_ica,sub20_sd_open.eeg,explicit_open,True
sub-26,ses-1,sub-26_ses-1,sub-26_ses-1.set,500.0,61,73,2000,explicit_open,- 4-s epochs pruned with ICA Original file: sub21_s_open.eeg D:\data_for_capstone_project\Resting-State-EEG-Dataset-for-SD\03_ica,sub21_s_open.eeg,explicit_open,True
sub-26,ses-2,sub-26_ses-2,sub-26_ses-2.set,500.0,61,74,2000,explicit_open,- 4-s epochs pruned with ICA Original file: sub21_sd_open.eeg D:\data_for_capstone_project\Resting-State-EEG-Dataset-for-SD\03_ica,sub21_sd_open.eeg,explicit_open,True
sub-27,ses-1,sub-27_ses-1,sub-27_ses-1.set,500.0,61,73,2000,explicit_open,- 4-s epochs pruned with ICA Original file: sub19_s_open.eeg D:\data_for_capstone_project\Resting-State-EEG-Dataset-for-SD\03_ica,sub19_s_open.eeg,explicit_open,True
sub-27,ses-2,sub-27_ses-2,sub-27_ses-2.set,500.0,61,74,2000,explicit_open,- 4-s epochs pruned with ICA Original file: sub19_sd_open.eeg D:\data_for_capstone_project\Resting-State-EEG-Dataset-for-SD\03_ica,sub19_sd_open.eeg,explicit_open,True
sub-28,ses-1,sub-28_ses-1,sub-28_ses-1.set,500.0,61,74,2000,explicit_open,- 4-s epochs pruned with ICA Original file: sub05_s_open.eeg D:\data_for_capstone_project\Resting-State-EEG-Dataset-for-SD\03_ica,sub05_s_open.eeg,explicit_open,True
sub-28,ses-2,sub-28_ses-2,sub-28_ses-2.set,500.0,61,58,2000,explicit_open,- 4-s epochs pruned with ICA Original file: sub05_sd_open.eeg D:\data_for_capstone_project\Resting-State-EEG-Dataset-for-SD\03_ica,sub05_sd_open.eeg,explicit_open,True
sub-29,ses-1,sub-29_ses-1,sub-29_ses-1.set,500.0,61,72,2000,explicit_open,- 4-s epochs pruned with ICA Original file: sub11_s_open.eeg D:\data_for_capstone_project\Resting-State-EEG-Dataset-for-SD\03_ica,sub11_s_open.eeg,explicit_open,True
sub-29,ses-2,sub-29_ses-2,sub-29_ses-2.set,500.0,61,74,2000,explicit_open,- 4-s epochs pruned with ICA Original file: sub11_sd_open.eeg D:\data_for_capstone_project\Resting-State-EEG-Dataset-for-SD\03_ica,sub11_sd_open.eeg,explicit_open,True
sub-30,ses-1,sub-30_ses-1,sub-30_ses-1.set,500.0,61,73,2000,explicit_open,- 4-s epochs pruned with ICA Original file: sub12_s_open.eeg D:\data_for_capstone_project\Resting-State-EEG-Dataset-for-SD\03_ica,sub12_s_open.eeg,explicit_open,True
sub-30,ses-2,sub-30_ses-2,sub-30_ses-2.set,500.0,61,73,2000,explicit_open,- 4-s epochs pruned with ICA Original file: sub12_sd_open.eeg D:\data_for_capstone_project\Resting-State-EEG-Dataset-for-SD\03_ica,sub12_sd_open.eeg,explicit_open,True
sub-31,ses-1,sub-31_ses-1,sub-31_ses-1.set,500.0,61,73,2000,explicit_open,- 4-s epochs pruned with ICA Original file: sub09_s_open.eeg D:\data_for_capstone_project\Resting-State-EEG-Dataset-for-SD\03_ica,sub09_s_open.eeg,explicit_open,True
sub-31,ses-2,sub-31_ses-2,sub-31_ses-2.set,500.0,61,71,2000,explicit_open,- 4-s epochs pruned with ICA Original file: sub09_sd_open.eeg D:\data_for_capstone_project\Resting-State-EEG-Dataset-for-SD\03_ica,sub09_sd_open.eeg,explicit_open,True
sub-32,ses-1,sub-32_ses-1,sub-32_ses-1.set,500.0,61,68,2000,explicit_open,- 4-s epochs pruned with ICA Original file: sub10_s_open.eeg D:\data_for_capstone_project\Resting-State-EEG-Dataset-for-SD\03_ica,sub10_s_open.eeg,explicit_open,True
sub-32,ses-2,sub-32_ses-2,sub-32_ses-2.set,500.0,61,71,2000,explicit_open,- 4-s epochs pruned with ICA Original file: sub10_sd_open.eeg D:\data_for_capstone_project\Resting-State-EEG-Dataset-for-SD\03_ica,sub10_sd_open.eeg,explicit_open,True
sub-33,ses-1,sub-33_ses-1,sub-33_ses-1.set,500.0,61,73,2000,explicit_open,- 4-s epochs pruned with ICA Original file: sub07_s_open.eeg D:\data_for_capstone_project\Resting-State-EEG-Dataset-for-SD\03_ica,sub07_s_open.eeg,explicit_open,True
sub-33,ses-2,sub-33_ses-2,sub-33_ses-2.set,500.0,61,72,2000,explicit_open,- 4-s epochs pruned with ICA Original file: sub07_sd_open.eeg D:\data_for_capstone_project\Resting-State-EEG-Dataset-for-SD\03_ica,sub07_sd_open.eeg,explicit_open,True
sub-34,ses-1,sub-34_ses-1,sub-34_ses-1.set,500.0,61,72,2000,explicit_open,- 4-s epochs pruned with ICA Original file: sub08_s_open.eeg D:\data_for_capstone_project\Resting-State-EEG-Dataset-for-SD\03_ica,sub08_s_open.eeg,explicit_open,True
sub-34,ses-2,sub-34_ses-2,sub-34_ses-2.set,500.0,61,73,2000,explicit_open,- 4-s epochs pruned with ICA Original file: sub8_sd_open.eeg D:\data_for_capstone_project\Resting-State-EEG-Dataset-for-SD\03_ica,sub8_sd_open.eeg,explicit_open,True
sub-35,ses-1,sub-35_ses-1,sub-35_ses-1.set,500.0,61,73,2000,explicit_open,- 4-s epochs pruned with ICA Original file: sub06_s_open.eeg D:\data_for_capstone_project\Resting-State-EEG-Dataset-for-SD\03_ica,sub06_s_open.eeg,explicit_open,True
sub-35,ses-2,sub-35_ses-2,sub-35_ses-2.set,500.0,61,73,2000,explicit_open,- 4-s epochs pruned with ICA Original file: sub06_sd_open.eeg D:\data_for_capstone_project\Resting-State-EEG-Dataset-for-SD\03_ica,sub06_sd_open.eeg,explicit_open,True
sub-36,ses-1,sub-36_ses-1,sub-36_ses-1.set,500.0,61,73,2000,explicit_open,- 4-s epochs pruned with ICA Original file: sub04_s_open.eeg D:\data_for_capstone_project\Resting-State-EEG-Dataset-for-SD\03_ica,sub04_s_open.eeg,explicit_open,True
sub-36,ses-2,sub-36_ses-2,sub-36_ses-2.set,500.0,61,72,2000,explicit_open,- 4-s epochs pruned with ICA Original file: sub04_sd_open.eeg D:\data_for_capstone_project\Resting-State-EEG-Dataset-for-SD\03_ica,sub04_sd_open.eeg,explicit_open,True
sub-37,ses-1,sub-37_ses-1,sub-37_ses-1.set,500.0,61,71,2000,explicit_open,- 4-s epochs pruned with ICA Original file: sub03_s_open.eeg D:\data_for_capstone_project\Resting-State-EEG-Dataset-for-SD\03_ica,sub03_s_open.eeg,explicit_open,True
sub-37,ses-2,sub-37_ses-2,sub-37_ses-2.set,500.0,61,65,2000,explicit_open,- 4-s epochs pruned with ICA Original file: sub03_sd_open.eeg D:\data_for_capstone_project\Resting-State-EEG-Dataset-for-SD\03_ica,sub03_sd_open.eeg,explicit_open,True
sub-38,ses-1,sub-38_ses-1,sub-38_ses-1.set,500.0,61,71,2000,explicit_open,- 4-s epochs pruned with ICA Original file: sub13_s_open.eeg D:\data_for_capstone_project\Resting-State-EEG-Dataset-for-SD\03_ica,sub13_s_open.eeg,explicit_open,True
sub-38,ses-2,sub-38_ses-2,sub-38_ses-2.set,500.0,61,72,2000,explicit_open,- 4-s epochs pruned with ICA Original file: sub13_sd_open.eeg D:\data_for_capstone_project\Resting-State-EEG-Dataset-for-SD\03_ica,sub13_sd_open.eeg,explicit_open,True
sub-39,ses-1,sub-39_ses-1,sub-39_ses-1.set,500.0,61,71,2000,explicit_open,"ailixiati epochs - 4-s epochs pruned with ICA Parent dataset: ailixiati epochs ||  || Parent dataset ""ailixiati epochs"": ---------- || Parent dataset: ailixiati ||  || Parent dataset ""ailixiati"": ---------- || Original file: sub01_ailixiati_restopen_NS.eeg D:\data_for_capstone_project\Resting-State-",sub01_ailixiati_restopen_NS.eeg,,False
sub-40,ses-1,sub-40_ses-1,sub-40_ses-1.set,500.0,61,73,2000,explicit_open,"lixiaohui epochs - 4-s epochs pruned with ICA Parent dataset: lixiaohui epochs ||  || Parent dataset ""lixiaohui epochs"": ---------- || Parent dataset: lixiaohui ||  || Parent dataset ""lixiaohui"": ---------- || Original file: sub03_lixiaohui_restopen_NS.eeg D:\data_for_capstone_project\Resting-State-",sub03_lixiaohui_restopen_NS.eeg,explicit_open,True
sub-40,ses-2,sub-40_ses-2,sub-40_ses-2.set,500.0,61,70,2000,explicit_open,"lixiaohui epochs resampled - 4-s epochs pruned with ICA Parent dataset: lixiaohui epochs resampled ||  || Parent dataset ""lixiaohui epochs resampled"": ---------- || Parent dataset: lixiaohui ||  || Parent dataset ""lixiaohui"": ---------- || Original file: sub03_lixiaohui_restopen_SD.eeg D:\data_for_c",sub03_lixiaohui_restopen_SD.eeg,explicit_open,True
sub-41,ses-1,sub-41_ses-1,sub-41_ses-1.set,500.0,61,69,2000,explicit_open,"qianyanjiang epochs - 4-s epochs pruned with ICA Parent dataset: qianyanjiang epochs ||  || Parent dataset ""qianyanjiang epochs"": ---------- || Parent dataset: qianyanjiang ||  || Parent dataset ""qianyanjiang"": ---------- || Original file: sub04_qianyanjiang_restopen_NS.eeg D:\data_for_capstone_proj",sub04_qianyanjiang_restopen_NS.eeg,explicit_open,True
sub-41,ses-2,sub-41_ses-2,sub-41_ses-2.set,500.0,61,67,2000,explicit_open,"sub04_qianyanijjang_restOpeneyes_SD_61_epochs - 4-s epochs pruned with ICA Parent dataset: sub04_qianyanijjang_restOpeneyes_SD_61_epochs ||  || Parent dataset ""sub04_qianyanijjang_restOpeneyes_SD_61_epochs"": ---------- || Parent dataset: sub04_qianyanijjang_restOpeneyes_SD ||  || Parent dataset ""sub",sub04_qianyanijjang_Openeyes_SD.eeg,explicit_open,True
sub-42,ses-1,sub-42_ses-1,sub-42_ses-1.set,500.0,61,71,2000,explicit_open,"yuhuongyan epochs - 4-s epochs pruned with ICA ['Parent dataset: yuhuongyan epochs             '
 '                                              '
 'Parent dataset ""yuhuongyan epochs"": ----------'
 'Parent dataset: yuhuongyan                    '
 '                                              '
 'P",sub06_yuhongyan_restOpen_ns.eeg',explicit_open,True
sub-42,ses-2,sub-42_ses-2,sub-42_ses-2.set,500.0,61,67,2000,explicit_open,"sub06_yuhongyan_restOpen_SD_61 epochs - 4-s epochs pruned with ICA Parent dataset: sub06_yuhongyan_restOpen_SD_61 epochs ||  || Parent dataset ""sub06_yuhongyan_restOpen_SD_61 epochs"": ---------- || Parent dataset: sub06_yuhongyan_restOpen_SD_61 ||  || Parent dataset ""sub06_yuhongyan_restOpen_SD_61"":",sub06_yuhongyan_restOpen_SD.eeg,explicit_open,True
sub-43,ses-1,sub-43_ses-1,sub-43_ses-1.set,500.0,61,70,2000,explicit_open,"dengmuxuan epochs - 4-s epochs pruned with ICA Parent dataset: dengmuxuan epochs ||  || Parent dataset ""dengmuxuan epochs"": ---------- || Parent dataset: dengmuxuan ||  || Parent dataset ""dengmuxuan"": ---------- || Original file: sub07_sumuxuan_restOpen_NS.eeg D:\data_for_capstone_project\Resting-St",sub07_sumuxuan_restOpen_NS.eeg,,False
sub-44,ses-1,sub-44_ses-1,sub-44_ses-1.set,500.0,61,73,2000,explicit_open,"kangrong_dele epochs - 4-s epochs pruned with ICA Parent dataset: kangrong_dele epochs ||  || Parent dataset ""kangrong_dele epochs"": ---------- || Parent dataset: kangrong_dele ||  || Parent dataset ""kangrong_dele"": ---------- || Original file: sub08_kangrong_restOpen_NS.eeg D:\data_for_capstone_pro",sub08_kangrong_restOpen_NS.eeg,,False
sub-45,ses-1,sub-45_ses-1,sub-45_ses-1.set,500.0,61,68,2000,explicit_open,"sunxin epochs - 4-s epochs pruned with ICA Parent dataset: sunxin epochs ||  || Parent dataset ""sunxin epochs"": ---------- || Parent dataset: sunxin ||  || Parent dataset ""sunxin"": ---------- || Original file: sub09_sunxin_restOpen.eeg D:\data_for_capstone_project\Resting-State-EEG-Dataset-for-SD\03",sub09_sunxin_restOpen.eeg,explicit_open,True
sub-45,ses-2,sub-45_ses-2,sub-45_ses-2.set,500.0,61,73,2000,explicit_open,"sub09_sunxin_restOpen_SD.vhdr epochs - 4-s epochs pruned with ICA Parent dataset: sub09_sunxin_restOpen_SD.vhdr epochs ||  || Parent dataset ""sub09_sunxin_restOpen_SD.vhdr epochs"": ---------- || Parent dataset: sub09_sunxin_restOpen_SD.vhdr ||  || Parent dataset ""sub09_sunxin_restOpen_SD.vhdr"": ----",sub09_sunxin_restOpen_SD.eeg,explicit_open,True
sub-46,ses-1,sub-46_ses-1,sub-46_ses-1.set,500.0,61,70,2000,explicit_open,"yanwenhui epochs - 4-s epochs pruned with ICA Parent dataset: yanwenhui epochs ||  || Parent dataset ""yanwenhui epochs"": ---------- || Parent dataset: yanwenhui ||  || Parent dataset ""yanwenhui"": ---------- || Original file: sub10_yanwenhui_RestOpen_NS.eeg D:\data_for_capstone_project\Resting-State-",sub10_yanwenhui_RestOpen_NS.eeg,explicit_open,True
sub-46,ses-2,sub-46_ses-2,sub-46_ses-2.set,500.0,61,60,2000,implicit_open,"sub10_yanwenhui_rest.sd.vhdr - 4-s epochs pruned with ICA Parent dataset: sub10_yanwenhui_rest.sd.vhdr ||  || Parent dataset ""sub10_yanwenhui_rest.sd.vhdr"": ---------- || Original file: sub10_yanwenhui_rest.sd.eeg D:\data_for_capstone_project\Resting-State-EEG-Dataset-for-SD\03_ica",sub10_yanwenhui_rest.sd.eeg,implicit_open,True
sub-47,ses-1,sub-47_ses-1,sub-47_ses-1.set,500.0,61,73,2000,explicit_open,"zhuhua epochs - 4-s epochs pruned with ICA ['Parent dataset: zhuhua epochs              '
 '                                           '
 'Parent dataset ""zhuhua epochs"": ---------- '
 'Parent dataset: zhuhua                     '
 '                                           '
 'Parent dataset ""zhuh",sub10_zhuhua_RestOpen_NS.eeg',explicit_open,True
sub-47,ses-2,sub-47_ses-2,sub-47_ses-2.set,500.0,61,72,2000,implicit_open,- 4-s epochs pruned with ICA Original file: sub11_zhuhua_rest.sd.eeg D:\data_for_capstone_project\Resting-State-EEG-Dataset-for-SD\03_ica,sub11_zhuhua_rest.sd.eeg,implicit_open,True
sub-48,ses-1,sub-48_ses-1,sub-48_ses-1.set,500.0,61,74,2000,explicit_open,"wujinyu epochs - 4-s epochs pruned with ICA Parent dataset: wujinyu epochs ||  || Parent dataset ""wujinyu epochs"": ---------- || Parent dataset: wujinyu ||  || Parent dataset ""wujinyu"": ---------- || Original file: sub12_wuijnyu_restopen_NS.eeg D:\data_for_capstone_project\Resting-State-EEG-Dataset-",sub12_wuijnyu_restopen_NS.eeg,explicit_open,True
sub-48,ses-2,sub-48_ses-2,sub-48_ses-2.set,500.0,61,71,2000,implicit_open,"sub12_wujinyu_rest_sd.vhdr epochs - 4-s epochs pruned with ICA ['Parent dataset: sub12_wujinyu_rest_sd.vhdr epochs             '
 '                                                              '
 'Parent dataset ""sub12_wujinyu_rest_sd.vhdr epochs"": ----------'
 'Parent dataset: sub12_wujinyu_rest_sd",sub12_wujinyu_rest_sd.eeg                      ',implicit_open,True
sub-49,ses-1,sub-49_ses-1,sub-49_ses-1.set,500.0,61,73,2000,explicit_open,"lishuying epochs - 4-s epochs pruned with ICA Parent dataset: lishuying epochs ||  || Parent dataset ""lishuying epochs"": ---------- || Parent dataset: lishuying ||  || Parent dataset ""lishuying"": ---------- || Original file: sub13_lishuying_RestOpen_NS.eeg D:\data_for_capstone_project\Resting-State-",sub13_lishuying_RestOpen_NS.eeg,explicit_open,True
sub-49,ses-2,sub-49_ses-2,sub-49_ses-2.set,500.0,61,73,2000,explicit_open,"sub13_lishuying_restopen_sd epochs - 4-s epochs pruned with ICA ['Parent dataset: sub13_lishuying_restopen_sd epochs             '
 '                                                               '
 'Parent dataset ""sub13_lishuying_restopen_sd epochs"": ----------'
 'Parent dataset: sub13_lishuying_r",sub13_lishuying_restopen_sd.eeg                 ',explicit_open,True
sub-50,ses-1,sub-50_ses-1,sub-50_ses-1.set,500.0,61,70,2000,explicit_open,"wangxide epochs resampled - 4-s epochs pruned with ICA ['Parent dataset: wangxide epochs resampled             '
 '                                                      '
 'Parent dataset ""wangxide epochs resampled"": ----------'
 'Parent dataset: wangxide                              '
 '           ",sub14_wangxide_restOpen.ns.eeg         ',explicit_open,True
sub-50,ses-2,sub-50_ses-2,sub-50_ses-2.set,500.0,61,72,2000,explicit_open,"wangxide resampled epochs - 4-s epochs pruned with ICA Parent dataset: wangxide resampled epochs ||  || Parent dataset ""wangxide resampled epochs"": ---------- || Parent dataset: wangxide resampled ||  || Parent dataset ""wangxide resampled"": ---------- || Original file: sub14_wangxide_RESTopen_SD.eeg",sub14_wangxide_RESTopen_SD.eeg,explicit_open,True
sub-51,ses-1,sub-51_ses-1,sub-51_ses-1.set,500.0,61,70,2000,explicit_open,"panqianxu epochs - 4-s epochs pruned with ICA Parent dataset: panqianxu epochs ||  || Parent dataset ""panqianxu epochs"": ---------- || Parent dataset: panqianxu ||  || Parent dataset ""panqianxu"": ---------- || Original file: sub15_panqianxxu_restopen_NS.eeg D:\data_for_capstone_project\Resting-State",sub15_panqianxxu_restopen_NS.eeg,explicit_open,True
sub-51,ses-2,sub-51_ses-2,sub-51_ses-2.set,500.0,61,67,2000,explicit_open,"sub36_panqianxu_restopen_sd.vhdr - 4-s epochs pruned with ICA Parent dataset: sub36_panqianxu_restopen_sd.vhdr ||  || Parent dataset ""sub36_panqianxu_restopen_sd.vhdr"": ---------- || Original file: sub36_panqianxu_restopen_sd.eeg D:\data_for_capstone_project\Resting-State-EEG-Dataset-for-SD\03_ica",sub36_panqianxu_restopen_sd.eeg,explicit_open,True
sub-52,ses-1,sub-52_ses-1,sub-52_ses-1.set,500.0,61,72,2000,explicit_open,"wuyutong epochs - 4-s epochs pruned with ICA Parent dataset: wuyutong epochs ||  || Parent dataset ""wuyutong epochs"": ---------- || Parent dataset: wuyutong ||  || Parent dataset ""wuyutong"": ---------- || Original file: sub16_wuyutong_restOpen_ns.eeg D:\data_for_capstone_project\Resting-State-EEG-Da",sub16_wuyutong_restOpen_ns.eeg,explicit_open,True
sub-52,ses-2,sub-52_ses-2,sub-52_ses-2.set,500.0,61,79,2000,explicit_open,"sub16_wwuyutong_restopen_SD - 4-s epochs pruned with ICA Parent dataset: sub16_wwuyutong_restopen_SD ||  || Parent dataset ""sub16_wwuyutong_restopen_SD"": ---------- || Original file: sub16_wwuyutong_restopen_SD.eeg D:\data_for_capstone_project\Resting-State-EEG-Dataset-for-SD\03_ica",sub16_wwuyutong_restopen_SD.eeg,explicit_open,True
sub-53,ses-1,sub-53_ses-1,sub-53_ses-1.set,500.0,61,72,2000,explicit_open,"liusheng epochs resampled - 4-s epochs pruned with ICA Parent dataset: liusheng epochs resampled ||  || Parent dataset ""liusheng epochs resampled"": ---------- || Parent dataset: liusheng ||  || Parent dataset ""liusheng"": ---------- || Original file: sub17_liusheng_restOpen_ns.eeg D:\data_for_capston",sub17_liusheng_restOpen_ns.eeg,explicit_open,True
sub-53,ses-2,sub-53_ses-2,sub-53_ses-2.set,500.0,61,72,2000,explicit_open,"sub17_liusheng_restopen_sd epochs - 4-s epochs pruned with ICA Parent dataset: sub17_liusheng_restopen_sd epochs ||  || Parent dataset ""sub17_liusheng_restopen_sd epochs"": ---------- || Parent dataset: sub17_liusheng_restopen_sd ||  || Parent dataset ""sub17_liusheng_restopen_sd"": ---------- || Origi",sub17_liusheng_restopen_sd.eeg,explicit_open,True
sub-54,ses-1,sub-54_ses-1,sub-54_ses-1.set,500.0,61,71,2000,no_evidence,"shiyufeng epochs - 4-s epochs pruned with ICA Parent dataset: shiyufeng epochs ||  || Parent dataset ""shiyufeng epochs"": ---------- || Parent dataset: shiyufeng ||  || Parent dataset ""shiyufeng"": ---------- || Original file: sub19_shiyufeng.eeg D:\data_for_capstone_project\Resting-State-EEG-Dataset-",sub19_shiyufeng.eeg,no_evidence,True
sub-54,ses-2,sub-54_ses-2,sub-54_ses-2.set,500.0,61,63,2000,explicit_open,"sub19_shiyufeng_restopen_sdd.vhdr epochs - 4-s epochs pruned with ICA Parent dataset: sub19_shiyufeng_restopen_sdd.vhdr epochs ||  || Parent dataset ""sub19_shiyufeng_restopen_sdd.vhdr epochs"": ---------- || Parent dataset: sub19_shiyufeng_restopen_sdd.vhdr ||  || Parent dataset ""sub19_shiyufeng_rest",sub19_shiyufeng_restopen_sdd.eeg,explicit_open,True
sub-55,ses-1,sub-55_ses-1,sub-55_ses-1.set,500.0,61,74,2000,explicit_open,"liufang epochs - 4-s epochs pruned with ICA Parent dataset: liufang epochs ||  || Parent dataset ""liufang epochs"": ---------- || Parent dataset: liufang ||  || Parent dataset ""liufang"": ---------- || Original file: sub20_liufang_restOpen_ns.eeg D:\data_for_capstone_project\Resting-State-EEG-Dataset-",sub20_liufang_restOpen_ns.eeg,explicit_open,True
sub-55,ses-2,sub-55_ses-2,sub-55_ses-2.set,500.0,61,73,2000,implicit_open,"sub20_liufang_rest_sd.vhdr epochs - 4-s epochs pruned with ICA Parent dataset: sub20_liufang_rest_sd.vhdr epochs ||  || Parent dataset ""sub20_liufang_rest_sd.vhdr epochs"": ---------- || Parent dataset: sub20_liufang_rest_sd.vhdr ||  || Parent dataset ""sub20_liufang_rest_sd.vhdr"": ---------- || Origi",sub20_liufang_rest_sd.eeg,implicit_open,True
sub-56,ses-1,sub-56_ses-1,sub-56_ses-1.set,500.0,61,72,2000,implicit_open,"denghai epochs - 4-s epochs pruned with ICA Parent dataset: denghai epochs ||  || Parent dataset ""denghai epochs"": ---------- || Parent dataset: denghai ||  || Parent dataset ""denghai"": ---------- || Original file: sub21_denghai_Rest_ns.eeg D:\data_for_capstone_project\Resting-State-EEG-Dataset-for-",sub21_denghai_Rest_ns.eeg,implicit_open,True
sub-56,ses-2,sub-56_ses-2,sub-56_ses-2.set,500.0,61,72,2000,explicit_open,"sub21_denghai_restopen_sd epochs - 4-s epochs pruned with ICA Parent dataset: sub21_denghai_restopen_sd epochs ||  || Parent dataset ""sub21_denghai_restopen_sd epochs"": ---------- || Parent dataset: sub21_denghai_restopen_sd ||  || Parent dataset ""sub21_denghai_restopen_sd"": ---------- || Original f",sub21_denghai_restopen_sd.eeg,explicit_open,True
sub-57,ses-1,sub-57_ses-1,sub-57_ses-1.set,500.0,61,71,2000,explicit_open,"shuixingyu_restopen.set - 4-s epochs pruned with ICA ['Parent dataset: shuixingyu_restopen.set             '
 '                                                    '
 'Parent dataset ""shuixingyu_restopen.set"": ----------'
 'Original file: sub23_shuiixngyu_restopen.eeg        '] D:\data_for_capstone_p",sub23_shuiixngyu_restopen.eeg        ',explicit_open,True
sub-57,ses-2,sub-57_ses-2,sub-57_ses-2.set,500.0,61,56,2000,explicit_open,"sub23_shuixxingyu_restopen_sd.vhdr - 4-s epochs pruned with ICA Parent dataset: sub23_shuixxingyu_restopen_sd.vhdr ||  || Parent dataset ""sub23_shuixxingyu_restopen_sd.vhdr"": ---------- || Original file: sub23_shuixxingyu_restopen_sd.eeg D:\data_for_capstone_project\Resting-State-EEG-Dataset-for-SD\",sub23_shuixxingyu_restopen_sd.eeg,explicit_open,True
sub-58,ses-1,sub-58_ses-1,sub-58_ses-1.set,500.0,61,72,2000,explicit_open,"pengkaiqin epochs - 4-s epochs pruned with ICA Parent dataset: pengkaiqin epochs ||  || Parent dataset ""pengkaiqin epochs"": ---------- || Parent dataset: pengkaiqin ||  || Parent dataset ""pengkaiqin"": ---------- || Original file: sub24_pengkaiqin_restopen_ns.eeg D:\data_for_capstone_project\Resting-",sub24_pengkaiqin_restopen_ns.eeg,explicit_open,True
sub-58,ses-2,sub-58_ses-2,sub-58_ses-2.set,500.0,61,62,2000,explicit_open,"sub24_pengkaiqin_restopen_sd.vhdr - 4-s epochs pruned with ICA Parent dataset: sub24_pengkaiqin_restopen_sd.vhdr ||  || Parent dataset ""sub24_pengkaiqin_restopen_sd.vhdr"": ---------- || Original file: sub24_pengkaiqin_restopen_sd.eeg D:\data_for_capstone_project\Resting-State-EEG-Dataset-for-SD\03_i",sub24_pengkaiqin_restopen_sd.eeg,explicit_open,True
sub-59,ses-1,sub-59_ses-1,sub-59_ses-1.set,500.0,61,71,2000,explicit_open,"zhangxingyu epochs - 4-s epochs pruned with ICA Parent dataset: zhangxingyu epochs ||  || Parent dataset ""zhangxingyu epochs"": ---------- || Parent dataset: zhangxingyu ||  || Parent dataset ""zhangxingyu"": ---------- || Original file: sub27_zhangxingyu_restopen.ns.eeg D:\data_for_capstone_project\Re",sub27_zhangxingyu_restopen.ns.eeg,explicit_open,True
sub-59,ses-2,sub-59_ses-2,sub-59_ses-2.set,500.0,61,61,2000,explicit_open,"sub27_zhangxingyu_restopen_sd.vhdr - 4-s epochs pruned with ICA Parent dataset: sub27_zhangxingyu_restopen_sd.vhdr ||  || Parent dataset ""sub27_zhangxingyu_restopen_sd.vhdr"": ---------- || Original file: sub27_zhangxingyu_restopen_sd.eeg D:\data_for_capstone_project\Resting-State-EEG-Dataset-for-SD\",sub27_zhangxingyu_restopen_sd.eeg,explicit_open,True
sub-60,ses-1,sub-60_ses-1,sub-60_ses-1.set,500.0,61,60,2000,explicit_open,"jiangxibei - 4-s epochs pruned with ICA ['Parent dataset: jiangxibei                     '
 '                                               '
 'Parent dataset ""jiangxibei"": ----------        '
 'Original file: sub30_jiangxibei_restopen_NS.eeg'] D:\data_for_capstone_project\Resting-State-EEG-Dataset-",sub30_jiangxibei_restopen_NS.eeg',explicit_open,True
sub-60,ses-2,sub-60_ses-2,sub-60_ses-2.set,500.0,61,67,2000,implicit_open,"sub30_jiangxibei_rest_sd.vhdr epochs - 4-s epochs pruned with ICA Parent dataset: sub30_jiangxibei_rest_sd.vhdr epochs ||  || Parent dataset ""sub30_jiangxibei_rest_sd.vhdr epochs"": ---------- || Parent dataset: sub30_jiangxibei_rest_sd.vhdr ||  || Parent dataset ""sub30_jiangxibei_rest_sd.vhdr"": ----",sub30_jiangxibei_rest_sd.eeg,implicit_open,True
sub-61,ses-1,sub-61_ses-1,sub-61_ses-1.set,500.0,61,74,2000,explicit_open,"zhangtianyi epochs - 4-s epochs pruned with ICA Parent dataset: zhangtianyi epochs ||  || Parent dataset ""zhangtianyi epochs"": ---------- || Parent dataset: zhangtianyi ||  || Parent dataset ""zhangtianyi"": ---------- || Original file: sub31_zhangtianyi_restopen_ns.eeg D:\data_for_capstone_project\Re",sub31_zhangtianyi_restopen_ns.eeg,explicit_open,True
sub-61,ses-2,sub-61_ses-2,sub-61_ses-2.set,500.0,61,74,2000,explicit_open,"sub31_zhangtianyi_restopen_sd.vhdr epochs - 4-s epochs pruned with ICA Parent dataset: sub31_zhangtianyi_restopen_sd.vhdr epochs ||  || Parent dataset ""sub31_zhangtianyi_restopen_sd.vhdr epochs"": ---------- || Parent dataset: sub31_zhangtianyi_restopen_sd.vhdr ||  || Parent dataset ""sub31_zhangtiany",sub31_zhangtianyi_restopen_sd.eeg,explicit_open,True
sub-62,ses-1,sub-62_ses-1,sub-62_ses-1.set,500.0,61,71,2000,explicit_open,"tianhanlei epochs - 4-s epochs pruned with ICA Parent dataset: tianhanlei epochs ||  || Parent dataset ""tianhanlei epochs"": ---------- || Parent dataset: tianhanlei ||  || Parent dataset ""tianhanlei"": ---------- || Original file: sub32_tianhanlei_restopen_ns.eeg D:\data_for_capstone_project\Resting-",sub32_tianhanlei_restopen_ns.eeg,explicit_open,True
sub-62,ses-2,sub-62_ses-2,sub-62_ses-2.set,500.0,61,66,2000,implicit_open,"sub32_tianhanlei_rest_sd.vhdr - 4-s epochs pruned with ICA Parent dataset: sub32_tianhanlei_rest_sd.vhdr ||  || Parent dataset ""sub32_tianhanlei_rest_sd.vhdr"": ---------- || Original file: sub32_tianhanlei_rest_sd.eeg D:\data_for_capstone_project\Resting-State-EEG-Dataset-for-SD\03_ica",sub32_tianhanlei_rest_sd.eeg,implicit_open,True
sub-63,ses-1,sub-63_ses-1,sub-63_ses-1.set,500.0,61,68,2000,explicit_open,"xieyuqian epochs - 4-s epochs pruned with ICA Parent dataset: xieyuqian epochs ||  || Parent dataset ""xieyuqian epochs"": ---------- || Parent dataset: xieyuqian ||  || Parent dataset ""xieyuqian"": ---------- || Original file: sub33_xieyuqian_restopen_NS.eeg D:\data_for_capstone_project\Resting-State-",sub33_xieyuqian_restopen_NS.eeg,explicit_open,True
sub-63,ses-2,sub-63_ses-2,sub-63_ses-2.set,500.0,61,73,2000,implicit_open,"sub33_xieyuqian_rest_sd.vhdr epochs - 4-s epochs pruned with ICA Parent dataset: sub33_xieyuqian_rest_sd.vhdr epochs ||  || Parent dataset ""sub33_xieyuqian_rest_sd.vhdr epochs"": ---------- || Parent dataset: sub33_xieyuqian_rest_sd.vhdr ||  || Parent dataset ""sub33_xieyuqian_rest_sd.vhdr"": ---------",sub33_xieyuqian_rest_sd.eeg,implicit_open,True
sub-64,ses-1,sub-64_ses-1,sub-64_ses-1.set,500.0,61,69,2000,explicit_open,"leiyuhao epochs - 4-s epochs pruned with ICA Parent dataset: leiyuhao epochs ||  || Parent dataset ""leiyuhao epochs"": ---------- || Parent dataset: leiyuhao ||  || Parent dataset ""leiyuhao"": ---------- || Original file: sub34_leiyuhao_restopen_ns.eeg D:\data_for_capstone_project\Resting-State-EEG-Da",sub34_leiyuhao_restopen_ns.eeg,explicit_open,True
sub-64,ses-2,sub-64_ses-2,sub-64_ses-2.set,500.0,61,70,2000,explicit_open,"sub34_leiyuhao_restopen_sd.vhdr epochs - 4-s epochs pruned with ICA Parent dataset: sub34_leiyuhao_restopen_sd.vhdr epochs ||  || Parent dataset ""sub34_leiyuhao_restopen_sd.vhdr epochs"": ---------- || Parent dataset: sub34_leiyuhao_restopen_sd.vhdr ||  || Parent dataset ""sub34_leiyuhao_restopen_sd.v",sub34_leiyuhao_restopen_sd.eeg,explicit_open,True
sub-65,ses-1,sub-65_ses-1,sub-65_ses-1.set,500.0,61,74,2000,implicit_open,"duolan epochs - 4-s epochs pruned with ICA ['Parent dataset: duolan epochs             '
 '                                          '
 'Parent dataset ""duolan epochs"": ----------'
 'Parent dataset: duolan                    '
 '                                          '
 'Parent dataset ""duolan"": ",sub35_duolan_rest_ns.eeg   ',implicit_open,True
sub-65,ses-2,sub-65_ses-2,sub-65_ses-2.set,500.0,61,55,2000,explicit_open,"sub35_duolan_restopen_sd.vhdr - 4-s epochs pruned with ICA Parent dataset: sub35_duolan_restopen_sd.vhdr ||  || Parent dataset ""sub35_duolan_restopen_sd.vhdr"": ---------- || Original file: sub35_duolan_restopen_sd.eeg D:\data_for_capstone_project\Resting-State-EEG-Dataset-for-SD\03_ica",sub35_duolan_restopen_sd.eeg,explicit_open,True
sub-66,ses-1,sub-66_ses-1,sub-66_ses-1.set,500.0,61,65,2000,explicit_open,"renyuke epochs - 4-s epochs pruned with ICA ['Parent dataset: renyuke epochs              '
 '                                            '
 'Parent dataset ""renyuke epochs"": ---------- '
 'Parent dataset: renyuke                     '
 '                                            '
 'Parent dataset",sub39_renyuke_restopen_ns.eeg',explicit_open,True
sub-66,ses-2,sub-66_ses-2,sub-66_ses-2.set,500.0,61,69,2000,implicit_open,"sub39_renyukke_rest_sd.vhdr epochs - 4-s epochs pruned with ICA Parent dataset: sub39_renyukke_rest_sd.vhdr epochs ||  || Parent dataset ""sub39_renyukke_rest_sd.vhdr epochs"": ---------- || Parent dataset: sub39_renyukke_rest_sd.vhdr ||  || Parent dataset ""sub39_renyukke_rest_sd.vhdr"": ---------- || ",sub39_renyukke_rest_sd.eeg,implicit_open,True
sub-67,ses-1,sub-67_ses-1,sub-67_ses-1.set,500.0,61,74,2000,implicit_open,"yupengyuan epochs - 4-s epochs pruned with ICA Parent dataset: yupengyuan epochs ||  || Parent dataset ""yupengyuan epochs"": ---------- || Parent dataset: yupengyuan ||  || Parent dataset ""yupengyuan"": ---------- || Original file: sub40_yupengyuan_rest_ns.eeg D:\data_for_capstone_project\Resting-Stat",sub40_yupengyuan_rest_ns.eeg,implicit_open,True
sub-67,ses-2,sub-67_ses-2,sub-67_ses-2.set,500.0,61,72,2000,explicit_open,"sub40_yupengyuan_restopen_sd.vhdr epochs - 4-s epochs pruned with ICA Parent dataset: sub40_yupengyuan_restopen_sd.vhdr epochs ||  || Parent dataset ""sub40_yupengyuan_restopen_sd.vhdr epochs"": ---------- || Parent dataset: sub40_yupengyuan_restopen_sd.vhdr ||  || Parent dataset ""sub40_yupengyuan_res",sub40_yupengyuan_restopen_sd.eeg,explicit_open,True
sub-68,ses-1,sub-68_ses-1,sub-68_ses-1.set,500.0,61,73,2000,explicit_open,"sunyuting epochs - 4-s epochs pruned with ICA Parent dataset: sunyuting epochs ||  || Parent dataset ""sunyuting epochs"": ---------- || Parent dataset: sunyuting ||  || Parent dataset ""sunyuting"": ---------- || Original file: sub41_sunyuting_restopen_ns.eeg D:\data_for_capstone_project\Resting-State-",sub41_sunyuting_restopen_ns.eeg,explicit_open,True
sub-68,ses-2,sub-68_ses-2,sub-68_ses-2.set,500.0,61,73,2000,explicit_open,"sub41sunyuting_Restopen.vhdr epochs - 4-s epochs pruned with ICA Parent dataset: sub41sunyuting_Restopen.vhdr epochs ||  || Parent dataset ""sub41sunyuting_Restopen.vhdr epochs"": ---------- || Parent dataset: sub41sunyuting_Restopen.vhdr ||  || Parent dataset ""sub41sunyuting_Restopen.vhdr"": ---------",sub41sunyuting_Restopen.eeg,explicit_open,True
sub-69,ses-1,sub-69_ses-1,sub-69_ses-1.set,500.0,61,73,2000,implicit_open,"chenqiuting epochs - 4-s epochs pruned with ICA Parent dataset: chenqiuting epochs ||  || Parent dataset ""chenqiuting epochs"": ---------- || Parent dataset: chenqiuting ||  || Parent dataset ""chenqiuting"": ---------- || Original file: sub443_chenqiuting_rest_ns.eeg D:\data_for_capstone_project\Resti",sub443_chenqiuting_rest_ns.eeg,implicit_open,True
sub-69,ses-2,sub-69_ses-2,sub-69_ses-2.set,500.0,61,70,2000,implicit_open,"sub43_chenqiuting_rest_sd.vhdr epochs - 4-s epochs pruned with ICA Parent dataset: sub43_chenqiuting_rest_sd.vhdr epochs ||  || Parent dataset ""sub43_chenqiuting_rest_sd.vhdr epochs"": ---------- || Parent dataset: sub43_chenqiuting_rest_sd.vhdr ||  || Parent dataset ""sub43_chenqiuting_rest_sd.vhdr"":",sub43_chenqiuting_rest_sd.eeg,implicit_open,True
sub-70,ses-1,sub-70_ses-1,sub-70_ses-1.set,500.0,61,70,2000,implicit_open,"sub21_wangzhewei_S.vhdr epochs - 4-s epochs pruned with ICA ['Parent dataset: sub21_wangzhewei_S.vhdr epochs             '
 '                                                           '
 'Parent dataset ""sub21_wangzhewei_S.vhdr epochs"": ----------'
 'Parent dataset: sub21_wangzhewei_S.vhdr          ",21_wangzhewei_S.eeg                         ',implicit_open,True
sub-70,ses-2,sub-70_ses-2,sub-70_ses-2.set,500.0,61,69,2000,implicit_open,"sub21_wangzhewei_D.vhdr epochs - 4-s epochs pruned with ICA ['Parent dataset: sub21_wangzhewei_D.vhdr epochs             '
 '                                                           '
 'Parent dataset ""sub21_wangzhewei_D.vhdr epochs"": ----------'
 'Parent dataset: sub21_wangzhewei_D.vhdr          ",21_wwangzhewei_D.eeg                        ',implicit_open,True
sub-71,ses-1,sub-71_ses-1,sub-71_ses-1.set,500.0,61,70,2000,implicit_open,"sub22_jiayidaer_S.vhdr epochs - 4-s epochs pruned with ICA ['Parent dataset: sub22_jiayidaer_S.vhdr epochs             '
 '                                                          '
 'Parent dataset ""sub22_jiayidaer_S.vhdr epochs"": ----------'
 'Parent dataset: sub22_jiayidaer_S.vhdr               ",22_jiayidaer_S.eeg                         ',implicit_open,True
sub-71,ses-2,sub-71_ses-2,sub-71_ses-2.set,500.0,61,72,2000,implicit_open,"sub22_jiayidaer_D.vhdr epochs - 4-s epochs pruned with ICA ['Parent dataset: sub22_jiayidaer_D.vhdr epochs             '
 '                                                          '
 'Parent dataset ""sub22_jiayidaer_D.vhdr epochs"": ----------'
 'Parent dataset: sub22_jiayidaer_D.vhdr               ",22_jiayidaer_D.eeg                         ',implicit_open,True
