subject,visit_pair,batch_position_in_visit,ses-1_n_windows,ses-1_n_batches,ses-1_batch_size_at_0,ses-2_n_windows,ses-2_n_batches,ses-2_batch_size_at_0,ses-1_batch_size_at_1,ses-2_batch_size_at_1,ses-1_batch_size_at_2,ses-2_batch_size_at_2
sub-01,ses-1->ses-2,0,69,3,32,54,2,32,,,,
sub-01,ses-1->ses-2,1,69,3,,54,2,,32,22,,
sub-01,ses-1->ses-2,2,69,3,,54,2,,,,5,
sub-02,ses-1->ses-2,0,70,3,32,64,2,32,,,,
sub-02,ses-1->ses-2,1,70,3,,64,2,,32,32,,
sub-02,ses-1->ses-2,2,70,3,,64,2,,,,6,
sub-03,ses-1->ses-2,0,73,3,32,70,3,32,,,,
sub-03,ses-1->ses-2,1,73,3,,70,3,,32,32,,
sub-03,ses-1->ses-2,2,73,3,,70,3,,,,9,6
sub-04,ses-1->ses-2,0,4,1,4,62,2,32,,,,
sub-04,ses-1->ses-2,1,4,1,,62,2,,,30,,
sub-05,ses-1->ses-2,0,65,3,32,67,3,32,,,,
sub-05,ses-1->ses-2,1,65,3,,67,3,,32,32,,
sub-05,ses-1->ses-2,2,65,3,,67,3,,,,1,3
sub-06,ses-1->ses-2,0,74,3,32,64,2,32,,,,
sub-06,ses-1->ses-2,1,74,3,,64,2,,32,32,,
sub-06,ses-1->ses-2,2,74,3,,64,2,,,,10,
sub-07,ses-1->ses-2,0,63,2,32,68,3,32,,,,
sub-07,ses-1->ses-2,1,63,2,,68,3,,31,32,,
sub-07,ses-1->ses-2,2,63,2,,68,3,,,,,4
sub-08,ses-2->ses-1,0,65,3,32,62,2,32,,,,
sub-08,ses-2->ses-1,1,65,3,,62,2,,32,30,,
sub-08,ses-2->ses-1,2,65,3,,62,2,,,,1,
sub-09,ses-2->ses-1,0,69,3,32,58,2,32,,,,
sub-09,ses-2->ses-1,1,69,3,,58,2,,32,26,,
sub-09,ses-2->ses-1,2,69,3,,58,2,,,,5,
sub-10,ses-2->ses-1,0,69,3,32,71,3,32,,,,
sub-10,ses-2->ses-1,1,69,3,,71,3,,32,32,,
sub-10,ses-2->ses-1,2,69,3,,71,3,,,,5,7
sub-11,ses-2->ses-1,0,64,2,32,66,3,32,,,,
sub-11,ses-2->ses-1,1,64,2,,66,3,,32,32,,
sub-11,ses-2->ses-1,2,64,2,,66,3,,,,,2
sub-12,ses-2->ses-1,0,57,2,32,66,3,32,,,,
sub-12,ses-2->ses-1,1,57,2,,66,3,,25,32,,
sub-12,ses-2->ses-1,2,57,2,,66,3,,,,,2
sub-13,ses-2->ses-1,0,72,3,32,69,3,32,,,,
sub-13,ses-2->ses-1,1,72,3,,69,3,,32,32,,
sub-13,ses-2->ses-1,2,72,3,,69,3,,,,8,5
sub-14,ses-2->ses-1,0,71,3,32,70,3,32,,,,
sub-14,ses-2->ses-1,1,71,3,,70,3,,32,32,,
sub-14,ses-2->ses-1,2,71,3,,70,3,,,,7,6
sub-15,ses-2->ses-1,0,73,3,32,73,3,32,,,,
sub-15,ses-2->ses-1,1,73,3,,73,3,,32,32,,
sub-15,ses-2->ses-1,2,73,3,,73,3,,,,9,9
sub-16,ses-2->ses-1,0,72,3,32,73,3,32,,,,
sub-16,ses-2->ses-1,1,72,3,,73,3,,32,32,,
sub-16,ses-2->ses-1,2,72,3,,73,3,,,,8,9
sub-17,ses-2->ses-1,0,73,3,32,73,3,32,,,,
sub-17,ses-2->ses-1,1,73,3,,73,3,,32,32,,
sub-17,ses-2->ses-1,2,73,3,,73,3,,,,9,9
sub-18,ses-2->ses-1,0,73,3,32,70,3,32,,,,
sub-18,ses-2->ses-1,1,73,3,,70,3,,32,32,,
sub-18,ses-2->ses-1,2,73,3,,70,3,,,,9,6
sub-19,ses-2->ses-1,0,72,3,32,72,3,32,,,,
sub-19,ses-2->ses-1,1,72,3,,72,3,,32,32,,
sub-19,ses-2->ses-1,2,72,3,,72,3,,,,8,8
sub-20,ses-2->ses-1,0,74,3,32,69,3,32,,,,
sub-20,ses-2->ses-1,1,74,3,,69,3,,32,32,,
sub-20,ses-2->ses-1,2,74,3,,69,3,,,,10,5
sub-21,ses-2->ses-1,0,63,2,32,64,2,32,,,,
sub-21,ses-2->ses-1,1,63,2,,64,2,,31,32,,
sub-22,ses-2->ses-1,0,73,3,32,73,3,32,,,,
sub-22,ses-2->ses-1,1,73,3,,73,3,,32,32,,
sub-22,ses-2->ses-1,2,73,3,,73,3,,,,9,9
sub-23,ses-1->ses-2,0,74,3,32,74,3,32,,,,
sub-23,ses-1->ses-2,1,74,3,,74,3,,32,32,,
sub-23,ses-1->ses-2,2,74,3,,74,3,,,,10,10
sub-24,ses-2->ses-1,0,72,3,32,70,3,32,,,,
sub-24,ses-2->ses-1,1,72,3,,70,3,,32,32,,
sub-24,ses-2->ses-1,2,72,3,,70,3,,,,8,6
sub-25,ses-2->ses-1,0,73,3,32,73,3,32,,,,
sub-25,ses-2->ses-1,1,73,3,,73,3,,32,32,,
sub-25,ses-2->ses-1,2,73,3,,73,3,,,,9,9
sub-26,ses-2->ses-1,0,73,3,32,74,3,32,,,,
sub-26,ses-2->ses-1,1,73,3,,74,3,,32,32,,
sub-26,ses-2->ses-1,2,73,3,,74,3,,,,9,10
sub-27,ses-2->ses-1,0,73,3,32,74,3,32,,,,
sub-27,ses-2->ses-1,1,73,3,,74,3,,32,32,,
sub-27,ses-2->ses-1,2,73,3,,74,3,,,,9,10
sub-28,ses-2->ses-1,0,74,3,32,57,2,32,,,,
sub-28,ses-2->ses-1,1,74,3,,57,2,,32,25,,
sub-28,ses-2->ses-1,2,74,3,,57,2,,,,10,
sub-29,ses-1->ses-2,0,72,3,32,74,3,32,,,,
sub-29,ses-1->ses-2,1,72,3,,74,3,,32,32,,
sub-29,ses-1->ses-2,2,72,3,,74,3,,,,8,10
sub-30,ses-1->ses-2,0,73,3,32,73,3,32,,,,
sub-30,ses-1->ses-2,1,73,3,,73,3,,32,32,,
sub-30,ses-1->ses-2,2,73,3,,73,3,,,,9,9
sub-31,ses-1->ses-2,0,73,3,32,71,3,32,,,,
sub-31,ses-1->ses-2,1,73,3,,71,3,,32,32,,
sub-31,ses-1->ses-2,2,73,3,,71,3,,,,9,7
sub-32,ses-1->ses-2,0,68,3,32,65,3,32,,,,
sub-32,ses-1->ses-2,1,68,3,,65,3,,32,32,,
sub-32,ses-1->ses-2,2,68,3,,65,3,,,,4,1
sub-33,ses-1->ses-2,0,73,3,32,72,3,32,,,,
sub-33,ses-1->ses-2,1,73,3,,72,3,,32,32,,
sub-33,ses-1->ses-2,2,73,3,,72,3,,,,9,8
sub-34,ses-1->ses-2,0,72,3,32,73,3,32,,,,
sub-34,ses-1->ses-2,1,72,3,,73,3,,32,32,,
sub-34,ses-1->ses-2,2,72,3,,73,3,,,,8,9
sub-35,ses-1->ses-2,0,73,3,32,73,3,32,,,,
sub-35,ses-1->ses-2,1,73,3,,73,3,,32,32,,
sub-35,ses-1->ses-2,2,73,3,,73,3,,,,9,9
sub-36,ses-1->ses-2,0,73,3,32,72,3,32,,,,
sub-36,ses-1->ses-2,1,73,3,,72,3,,32,32,,
sub-36,ses-1->ses-2,2,73,3,,72,3,,,,9,8
sub-37,ses-1->ses-2,0,71,3,32,51,2,32,,,,
sub-37,ses-1->ses-2,1,71,3,,51,2,,32,19,,
sub-37,ses-1->ses-2,2,71,3,,51,2,,,,7,
sub-38,ses-1->ses-2,0,71,3,32,72,3,32,,,,
sub-38,ses-1->ses-2,1,71,3,,72,3,,32,32,,
sub-38,ses-1->ses-2,2,71,3,,72,3,,,,7,8
sub-40,ses-2->ses-1,0,73,3,32,70,3,32,,,,
sub-40,ses-2->ses-1,1,73,3,,70,3,,32,32,,
sub-40,ses-2->ses-1,2,73,3,,70,3,,,,9,6
sub-41,ses-1->ses-2,0,69,3,32,67,3,32,,,,
sub-41,ses-1->ses-2,1,69,3,,67,3,,32,32,,
sub-41,ses-1->ses-2,2,69,3,,67,3,,,,5,3
sub-42,ses-2->ses-1,0,71,3,32,67,3,32,,,,
sub-42,ses-2->ses-1,1,71,3,,67,3,,32,32,,
sub-42,ses-2->ses-1,2,71,3,,67,3,,,,7,3
sub-45,ses-2->ses-1,0,68,3,32,73,3,32,,,,
sub-45,ses-2->ses-1,1,68,3,,73,3,,32,32,,
sub-45,ses-2->ses-1,2,68,3,,73,3,,,,4,9
sub-46,ses-1->ses-2,0,70,3,32,60,2,32,,,,
sub-46,ses-1->ses-2,1,70,3,,60,2,,32,28,,
sub-46,ses-1->ses-2,2,70,3,,60,2,,,,6,
sub-47,ses-1->ses-2,0,73,3,32,72,3,32,,,,
sub-47,ses-1->ses-2,1,73,3,,72,3,,32,32,,
sub-47,ses-1->ses-2,2,73,3,,72,3,,,,9,8
sub-48,ses-1->ses-2,0,74,3,32,71,3,32,,,,
sub-48,ses-1->ses-2,1,74,3,,71,3,,32,32,,
sub-48,ses-1->ses-2,2,74,3,,71,3,,,,10,7
sub-49,ses-1->ses-2,0,73,3,32,73,3,32,,,,
sub-49,ses-1->ses-2,1,73,3,,73,3,,32,32,,
sub-49,ses-1->ses-2,2,73,3,,73,3,,,,9,9
sub-50,ses-2->ses-1,0,70,3,32,71,3,32,,,,
sub-50,ses-2->ses-1,1,70,3,,71,3,,32,32,,
sub-50,ses-2->ses-1,2,70,3,,71,3,,,,6,7
sub-51,ses-2->ses-1,0,70,3,32,67,3,32,,,,
sub-51,ses-2->ses-1,1,70,3,,67,3,,32,32,,
sub-51,ses-2->ses-1,2,70,3,,67,3,,,,6,3
sub-52,ses-1->ses-2,0,72,3,32,79,3,32,,,,
sub-52,ses-1->ses-2,1,72,3,,79,3,,32,32,,
sub-52,ses-1->ses-2,2,72,3,,79,3,,,,8,15
sub-53,ses-1->ses-2,0,72,3,32,72,3,32,,,,
sub-53,ses-1->ses-2,1,72,3,,72,3,,32,32,,
sub-53,ses-1->ses-2,2,72,3,,72,3,,,,8,8
sub-54,ses-1->ses-2,0,64,2,32,63,2,32,,,,
sub-54,ses-1->ses-2,1,64,2,,63,2,,32,31,,
sub-55,ses-1->ses-2,0,74,3,32,73,3,32,,,,
sub-55,ses-1->ses-2,1,74,3,,73,3,,32,32,,
sub-55,ses-1->ses-2,2,74,3,,73,3,,,,10,9
sub-56,ses-1->ses-2,0,72,3,32,72,3,32,,,,
sub-56,ses-1->ses-2,1,72,3,,72,3,,32,32,,
sub-56,ses-1->ses-2,2,72,3,,72,3,,,,8,8
sub-57,ses-1->ses-2,0,71,3,32,56,2,32,,,,
sub-57,ses-1->ses-2,1,71,3,,56,2,,32,24,,
sub-57,ses-1->ses-2,2,71,3,,56,2,,,,7,
sub-58,ses-1->ses-2,0,72,3,32,62,2,32,,,,
sub-58,ses-1->ses-2,1,72,3,,62,2,,32,30,,
sub-58,ses-1->ses-2,2,72,3,,62,2,,,,8,
sub-59,ses-1->ses-2,0,71,3,32,61,2,32,,,,
sub-59,ses-1->ses-2,1,71,3,,61,2,,32,29,,
sub-59,ses-1->ses-2,2,71,3,,61,2,,,,7,
sub-60,ses-1->ses-2,0,60,2,32,67,3,32,,,,
sub-60,ses-1->ses-2,1,60,2,,67,3,,28,32,,
sub-60,ses-1->ses-2,2,60,2,,67,3,,,,,3
sub-61,ses-2->ses-1,0,74,3,32,74,3,32,,,,
sub-61,ses-2->ses-1,1,74,3,,74,3,,32,32,,
sub-61,ses-2->ses-1,2,74,3,,74,3,,,,10,10
sub-62,ses-1->ses-2,0,71,3,32,66,3,32,,,,
sub-62,ses-1->ses-2,1,71,3,,66,3,,32,32,,
sub-62,ses-1->ses-2,2,71,3,,66,3,,,,7,2
sub-63,ses-1->ses-2,0,67,3,32,73,3,32,,,,
sub-63,ses-1->ses-2,1,67,3,,73,3,,32,32,,
sub-63,ses-1->ses-2,2,67,3,,73,3,,,,3,9
sub-64,ses-1->ses-2,0,69,3,32,70,3,32,,,,
sub-64,ses-1->ses-2,1,69,3,,70,3,,32,32,,
sub-64,ses-1->ses-2,2,69,3,,70,3,,,,5,6
sub-65,ses-2->ses-1,0,74,3,32,55,2,32,,,,
sub-65,ses-2->ses-1,1,74,3,,55,2,,32,23,,
sub-65,ses-2->ses-1,2,74,3,,55,2,,,,10,
sub-66,ses-1->ses-2,0,65,3,32,69,3,32,,,,
sub-66,ses-1->ses-2,1,65,3,,69,3,,32,32,,
sub-66,ses-1->ses-2,2,65,3,,69,3,,,,1,5
sub-67,ses-2->ses-1,0,74,3,32,72,3,32,,,,
sub-67,ses-2->ses-1,1,74,3,,72,3,,32,32,,
sub-67,ses-2->ses-1,2,74,3,,72,3,,,,10,8
sub-68,ses-2->ses-1,0,73,3,32,73,3,32,,,,
sub-68,ses-2->ses-1,1,73,3,,73,3,,32,32,,
sub-68,ses-2->ses-1,2,73,3,,73,3,,,,9,9
sub-69,ses-1->ses-2,0,73,3,32,70,3,32,,,,
sub-69,ses-1->ses-2,1,73,3,,70,3,,32,32,,
sub-69,ses-1->ses-2,2,73,3,,70,3,,,,9,6
sub-70,ses-1->ses-2,0,70,3,32,69,3,32,,,,
sub-70,ses-1->ses-2,1,70,3,,69,3,,32,32,,
sub-70,ses-1->ses-2,2,70,3,,69,3,,,,6,5
sub-71,ses-1->ses-2,0,70,3,32,72,3,32,,,,
sub-71,ses-1->ses-2,1,70,3,,72,3,,32,32,,
sub-71,ses-1->ses-2,2,70,3,,72,3,,,,6,8
