subject,seed,arm,session_block_order,accuracy,balanced_accuracy,f1,roc_auc,n_windows,n_true_positive_class,n_predicted_positive,confusion_matrix
sub-01,0,bn_only,metadata_order,0.4634146341463415,0.465378421900161,0.4406779661016949,0.4685990338164251,123,54,64,"[[31, 38], [28, 26]]"
sub-02,0,bn_only,metadata_order,0.5373134328358209,0.5370535714285714,0.5230769230769231,0.5024553571428572,134,64,66,"[[38, 32], [30, 34]]"
sub-03,0,bn_only,metadata_order,0.44755244755244755,0.4480430528375734,0.45517241379310347,0.44207436399217226,143,70,75,"[[31, 42], [37, 33]]"
sub-04,0,bn_only,metadata_order,0.42424242424242425,0.22580645161290322,0.5957446808510638,0.3185483870967742,66,62,32,"[[0, 4], [34, 28]]"
sub-05,0,bn_only,metadata_order,0.5606060606060606,0.5602755453501722,0.5735294117647058,0.5336394948335247,132,67,69,"[[35, 30], [28, 39]]"
sub-06,0,bn_only,metadata_order,0.463768115942029,0.46727195945945943,0.4714285714285714,0.4727618243243243,138,64,76,"[[31, 43], [31, 33]]"
sub-07,0,bn_only,metadata_order,0.4961832061068702,0.49603174603174605,0.5074626865671642,0.5028011204481793,131,68,66,"[[31, 32], [34, 34]]"
sub-08,0,bn_only,metadata_order,0.4881889763779528,0.48697270471464016,0.453781512605042,0.4836228287841191,127,62,57,"[[35, 30], [35, 27]]"
sub-09,0,bn_only,metadata_order,0.49606299212598426,0.4991254372813593,0.49206349206349204,0.47876061969015493,127,58,68,"[[32, 37], [27, 31]]"
sub-10,0,bn_only,metadata_order,0.42142857142857143,0.4222290263319045,0.39097744360902253,0.4911206368646663,140,71,62,"[[33, 36], [45, 26]]"
sub-11,0,bn_only,metadata_order,0.5307692307692308,0.5303030303030303,0.5481481481481482,0.5049715909090908,130,66,69,"[[32, 32], [29, 37]]"
sub-12,0,bn_only,metadata_order,0.5365853658536586,0.5311004784688995,0.583941605839416,0.5303030303030303,123,66,71,"[[26, 31], [26, 40]]"
sub-13,0,bn_only,metadata_order,0.475177304964539,0.47403381642512077,0.4393939393939394,0.4909420289855072,141,69,63,"[[38, 34], [40, 29]]"
sub-14,0,bn_only,metadata_order,0.524822695035461,0.5248490945674045,0.524822695035461,0.5088531187122736,141,70,71,"[[37, 34], [33, 37]]"
sub-15,0,bn_only,metadata_order,0.4726027397260274,0.4726027397260274,0.45390070921985815,0.48470632388815904,146,73,68,"[[37, 36], [41, 32]]"
sub-16,0,bn_only,metadata_order,0.4827586206896552,0.4832572298325723,0.4444444444444444,0.4731735159817352,145,73,62,"[[40, 32], [43, 30]]"
sub-17,0,bn_only,metadata_order,0.4452054794520548,0.4452054794520548,0.4413793103448276,0.4449240007506099,146,73,72,"[[33, 40], [41, 32]]"
sub-18,0,bn_only,metadata_order,0.46853146853146854,0.46565557729941287,0.3770491803278688,0.450293542074364,143,70,52,"[[44, 29], [47, 23]]"
sub-19,0,bn_only,metadata_order,0.4722222222222222,0.4722222222222222,0.43283582089552236,0.4373070987654321,144,72,62,"[[39, 33], [43, 29]]"
sub-20,0,bn_only,metadata_order,0.45454545454545453,0.44996083039561297,0.36065573770491804,0.3991382687034861,143,69,53,"[[43, 31], [47, 22]]"
sub-21,0,bn_only,metadata_order,0.49606299212598426,0.4959077380952381,0.5076923076923077,0.46875,127,64,66,"[[30, 33], [31, 33]]"
sub-22,0,bn_only,metadata_order,0.541095890410959,0.5410958904109588,0.54421768707483,0.5346218802777257,146,73,74,"[[39, 34], [33, 40]]"
sub-23,0,bn_only,metadata_order,0.5,0.5,0.5375,0.4877647918188459,148,74,86,"[[31, 43], [31, 43]]"
sub-24,0,bn_only,metadata_order,0.4295774647887324,0.4311507936507936,0.4840764331210191,0.4646825396825397,142,70,87,"[[23, 49], [32, 38]]"
sub-25,0,bn_only,metadata_order,0.5136986301369864,0.5136986301369864,0.5359477124183006,0.5092887971476825,146,73,80,"[[34, 39], [32, 41]]"
sub-26,0,bn_only,metadata_order,0.5170068027210885,0.5168456127360237,0.5298013245033113,0.4722325064790819,147,74,77,"[[36, 37], [34, 40]]"
sub-27,0,bn_only,metadata_order,0.5102040816326531,0.5099037393557941,0.5324675324675324,0.4983339503887449,147,74,80,"[[34, 39], [33, 41]]"
sub-28,0,bn_only,metadata_order,0.48091603053435117,0.4700094831673779,0.39285714285714285,0.47534376481744905,131,57,55,"[[41, 33], [35, 22]]"
sub-29,0,bn_only,metadata_order,0.589041095890411,0.5891516516516516,0.589041095890411,0.5827702702702703,146,74,72,"[[43, 29], [31, 43]]"
sub-30,0,bn_only,metadata_order,0.4726027397260274,0.4726027397260274,0.45390070921985815,0.46200037530493526,146,73,68,"[[37, 36], [41, 32]]"
sub-31,0,bn_only,metadata_order,0.4305555555555556,0.4300598109203164,0.4057971014492754,0.4348832722361567,144,71,67,"[[34, 39], [43, 28]]"
sub-32,0,bn_only,metadata_order,0.6992481203007519,0.6973981900452488,0.6666666666666666,0.7022624434389141,133,65,55,"[[53, 15], [25, 40]]"
sub-33,0,bn_only,metadata_order,0.46206896551724136,0.4618531202435312,0.44285714285714284,0.46670471841704714,145,72,68,"[[36, 37], [41, 31]]"
sub-34,0,bn_only,metadata_order,0.4482758620689655,0.44872526636225263,0.4117647058823529,0.5091324200913242,145,73,63,"[[37, 35], [45, 28]]"
sub-35,0,bn_only,metadata_order,0.4863013698630137,0.48630136986301364,0.4827586206896552,0.4952148620754363,146,73,72,"[[36, 37], [38, 35]]"
sub-36,0,bn_only,metadata_order,0.5241379310344828,0.5238774733637748,0.5035971223021583,0.5060882800608828,145,72,67,"[[41, 32], [37, 35]]"
sub-37,0,bn_only,metadata_order,0.4918032786885246,0.4860535763601215,0.42592592592592593,0.48163490748412047,122,51,57,"[[37, 34], [28, 23]]"
sub-38,0,bn_only,metadata_order,0.46853146853146854,0.4680164319248826,0.5064935064935064,0.45989827856025045,143,72,82,"[[28, 43], [33, 39]]"
sub-40,0,bn_only,metadata_order,0.43356643356643354,0.4325831702544031,0.4,0.450293542074364,143,70,65,"[[35, 38], [43, 27]]"
sub-41,0,bn_only,metadata_order,0.5,0.4990266060999351,0.4603174603174603,0.5033528012113346,136,67,59,"[[39, 30], [38, 29]]"
sub-42,0,bn_only,metadata_order,0.5,0.5006306495690561,0.5035971223021583,0.4954803447550978,138,67,72,"[[34, 37], [32, 35]]"
sub-45,0,bn_only,metadata_order,0.46099290780141844,0.4603142626913779,0.4794520547945205,0.49113618049959706,141,73,73,"[[30, 38], [38, 35]]"
sub-46,0,bn_only,metadata_order,0.5076923076923077,0.5047619047619047,0.4666666666666667,0.48738095238095236,130,60,60,"[[38, 32], [32, 28]]"
sub-47,0,bn_only,metadata_order,0.593103448275862,0.5911339421613394,0.42718446601941745,0.6191019786910198,145,72,31,"[[64, 9], [50, 22]]"
sub-48,0,bn_only,metadata_order,0.4896551724137931,0.48858012942519985,0.45588235294117646,0.5034259611724401,145,71,65,"[[40, 34], [40, 31]]"
sub-49,0,bn_only,metadata_order,0.5753424657534246,0.5753424657534246,0.5303030303030303,0.6239444548695815,146,73,59,"[[49, 24], [38, 35]]"
sub-50,0,bn_only,metadata_order,0.5319148936170213,0.5319919517102616,0.5285714285714286,0.5171026156941649,141,71,69,"[[38, 32], [34, 37]]"
sub-51,0,bn_only,metadata_order,0.5547445255474452,0.552452025586354,0.49586776859504134,0.5985074626865672,137,67,54,"[[46, 24], [37, 30]]"
sub-52,0,bn_only,metadata_order,0.5099337748344371,0.5119549929676512,0.5,0.555379746835443,151,79,69,"[[40, 32], [42, 37]]"
sub-53,0,bn_only,metadata_order,0.4930555555555556,0.4930555555555555,0.5165562913907285,0.42245370370370366,144,72,79,"[[32, 40], [33, 39]]"
sub-54,0,bn_only,metadata_order,0.4409448818897638,0.4410962301587301,0.4496124031007752,0.4350198412698413,127,63,66,"[[27, 37], [34, 29]]"
sub-55,0,bn_only,metadata_order,0.7142857142857143,0.7153831914105886,0.7529411764705882,0.7956312476860422,147,73,97,"[[41, 33], [9, 64]]"
sub-56,0,bn_only,metadata_order,0.4444444444444444,0.4444444444444444,0.42857142857142855,0.44945987654320985,144,72,68,"[[34, 38], [42, 30]]"
sub-57,0,bn_only,metadata_order,0.47244094488188976,0.47157947686116697,0.4369747899159664,0.5100603621730382,127,56,63,"[[34, 37], [30, 26]]"
sub-58,0,bn_only,metadata_order,0.4925373134328358,0.4896953405017921,0.45161290322580644,0.5246415770609318,134,62,62,"[[38, 34], [34, 28]]"
sub-59,0,bn_only,metadata_order,0.48484848484848486,0.4853382590625721,0.46875,0.4654814130685753,132,61,67,"[[34, 37], [31, 30]]"
sub-60,0,bn_only,metadata_order,0.4645669291338583,0.46380597014925373,0.48484848484848486,0.4651741293532339,127,67,65,"[[27, 33], [35, 32]]"
sub-61,0,bn_only,metadata_order,0.49324324324324326,0.49324324324324326,0.4966442953020134,0.4737034331628926,148,74,75,"[[36, 38], [37, 37]]"
sub-62,0,bn_only,metadata_order,0.48905109489051096,0.4873026034997866,0.453125,0.4910371318822023,137,66,62,"[[38, 33], [37, 29]]"
sub-63,0,bn_only,metadata_order,0.4928571428571429,0.49529748517685546,0.4740740740740741,0.5187078307094664,140,73,62,"[[37, 30], [41, 32]]"
sub-64,0,bn_only,metadata_order,0.5539568345323741,0.5540372670807453,0.5507246376811594,0.5571428571428572,139,70,68,"[[39, 30], [32, 38]]"
sub-65,0,bn_only,metadata_order,0.49612403100775193,0.4907862407862408,0.43478260869565216,0.5368550368550369,129,55,60,"[[39, 35], [30, 25]]"
sub-66,0,bn_only,metadata_order,0.4925373134328358,0.4938684503901895,0.47692307692307695,0.4793756967670011,134,69,61,"[[35, 30], [38, 31]]"
sub-67,0,bn_only,metadata_order,0.4794520547945205,0.47935435435435436,0.4722222222222222,0.4620870870870871,146,72,72,"[[36, 38], [38, 34]]"
sub-68,0,bn_only,metadata_order,0.5136986301369864,0.5136986301369864,0.5170068027210885,0.5057234002627136,146,73,74,"[[37, 36], [35, 38]]"
sub-69,0,bn_only,metadata_order,0.5524475524475524,0.5519569471624266,0.5362318840579711,0.5088062622309197,143,70,68,"[[42, 31], [33, 37]]"
sub-70,0,bn_only,metadata_order,0.5755395683453237,0.5756728778467909,0.5815602836879432,0.5842650103519669,139,69,72,"[[39, 31], [28, 41]]"
sub-71,0,bn_only,metadata_order,0.4788732394366197,0.47837301587301584,0.5,0.4984126984126985,142,72,76,"[[31, 39], [35, 37]]"
sub-01,1,bn_only,metadata_order,0.5447154471544715,0.5418679549114331,0.5,0.5405260332796564,123,54,58,"[[39, 30], [26, 28]]"
sub-02,1,bn_only,metadata_order,0.5597014925373134,0.5598214285714286,0.549618320610687,0.5421875,134,64,67,"[[39, 31], [28, 36]]"
sub-03,1,bn_only,metadata_order,0.44755244755244755,0.4492172211350294,0.48366013071895425,0.49726027397260264,143,70,83,"[[27, 46], [33, 37]]"
sub-04,1,bn_only,metadata_order,0.5303030303030303,0.5161290322580645,0.6804123711340206,0.5483870967741935,66,62,35,"[[2, 2], [29, 33]]"
sub-05,1,bn_only,metadata_order,0.553030303030303,0.5530424799081516,0.556390977443609,0.5439724454649828,132,67,66,"[[36, 29], [30, 37]]"
sub-06,1,bn_only,metadata_order,0.5217391304347826,0.5255489864864865,0.5285714285714286,0.5154138513513513,138,64,76,"[[35, 39], [27, 37]]"
sub-07,1,bn_only,metadata_order,0.5190839694656488,0.516923436041083,0.5531914893617021,0.5611577964519141,131,68,73,"[[29, 34], [29, 39]]"
sub-08,1,bn_only,metadata_order,0.5590551181102362,0.559181141439206,0.5555555555555556,0.5099255583126551,127,62,64,"[[36, 29], [27, 35]]"
sub-09,1,bn_only,metadata_order,0.47244094488188976,0.47876061969015493,0.48854961832061067,0.4420289855072464,127,58,73,"[[28, 41], [26, 32]]"
sub-10,1,bn_only,metadata_order,0.5214285714285715,0.5200040824658093,0.567741935483871,0.47479077362727085,140,71,84,"[[29, 40], [27, 44]]"
sub-11,1,bn_only,metadata_order,0.49230769230769234,0.4921875,0.5,0.48839962121212116,130,66,66,"[[31, 33], [33, 33]]"
sub-12,1,bn_only,metadata_order,0.4634146341463415,0.46291866028708134,0.484375,0.5047846889952152,123,66,62,"[[26, 31], [35, 31]]"
sub-13,1,bn_only,metadata_order,0.5390070921985816,0.5407608695652174,0.5695364238410596,0.5022141706924316,141,69,82,"[[33, 39], [26, 43]]"
sub-14,1,bn_only,metadata_order,0.5531914893617021,0.5533199195171026,0.5594405594405595,0.5466800804828974,141,70,73,"[[38, 33], [30, 40]]"
sub-15,1,bn_only,metadata_order,0.4931506849315068,0.4931506849315068,0.4931506849315068,0.5355601426158754,146,73,73,"[[36, 37], [37, 36]]"
sub-16,1,bn_only,metadata_order,0.47586206896551725,0.47659817351598177,0.4153846153846154,0.4735540334855403,145,73,57,"[[42, 30], [46, 27]]"
sub-17,1,bn_only,metadata_order,0.4589041095890411,0.45890410958904104,0.49032258064516127,0.4137736911240383,146,73,82,"[[29, 44], [35, 38]]"
sub-18,1,bn_only,metadata_order,0.5174825174825175,0.514774951076321,0.43902439024390244,0.47808219178082195,143,70,53,"[[47, 26], [43, 27]]"
sub-19,1,bn_only,metadata_order,0.4930555555555556,0.4930555555555556,0.4748201438848921,0.5094521604938272,144,72,67,"[[38, 34], [39, 33]]"
sub-20,1,bn_only,metadata_order,0.46853146853146854,0.46494320407363887,0.3968253968253968,0.4490795142969056,143,69,57,"[[42, 32], [44, 25]]"
sub-21,1,bn_only,metadata_order,0.5196850393700787,0.519469246031746,0.5343511450381679,0.4885912698412699,127,64,67,"[[31, 32], [29, 35]]"
sub-22,1,bn_only,metadata_order,0.4315068493150685,0.43150684931506844,0.4645161290322581,0.4389191217864515,146,73,82,"[[27, 46], [37, 36]]"
sub-23,1,bn_only,metadata_order,0.49324324324324326,0.4932432432432432,0.5033112582781457,0.49360847333820307,148,74,77,"[[35, 39], [36, 38]]"
sub-24,1,bn_only,metadata_order,0.4154929577464789,0.4176587301587301,0.49079754601226994,0.4220238095238096,142,70,93,"[[19, 53], [30, 40]]"
sub-25,1,bn_only,metadata_order,0.5136986301369864,0.5136986301369862,0.48175182481751827,0.48320510414711954,146,73,64,"[[42, 31], [40, 33]]"
sub-26,1,bn_only,metadata_order,0.5170068027210885,0.5170307293594965,0.5170068027210885,0.508700481303221,147,74,73,"[[38, 35], [36, 38]]"
sub-27,1,bn_only,metadata_order,0.46938775510204084,0.468992965568308,0.5,0.4744539059607553,147,74,82,"[[30, 43], [35, 39]]"
sub-28,1,bn_only,metadata_order,0.4580152671755725,0.45376955903271693,0.40336134453781514,0.472972972972973,131,57,62,"[[36, 38], [33, 24]]"
sub-29,1,bn_only,metadata_order,0.5205479452054794,0.5208333333333333,0.5138888888888888,0.5307807807807808,146,74,70,"[[39, 33], [37, 37]]"
sub-30,1,bn_only,metadata_order,0.5136986301369864,0.5136986301369864,0.5234899328859061,0.49971852129855504,146,73,76,"[[36, 37], [34, 39]]"
sub-31,1,bn_only,metadata_order,0.4375,0.43729500289407675,0.425531914893617,0.4356550260466911,144,71,70,"[[33, 40], [41, 30]]"
sub-32,1,bn_only,metadata_order,0.45864661654135336,0.45769230769230773,0.42857142857142855,0.5144796380090498,133,65,61,"[[34, 34], [38, 27]]"
sub-33,1,bn_only,metadata_order,0.5310344827586206,0.5312024353120244,0.5405405405405406,0.5234018264840183,145,72,76,"[[37, 36], [32, 40]]"
sub-34,1,bn_only,metadata_order,0.5103448275862069,0.5104642313546424,0.5034965034965035,0.5026636225266361,145,73,70,"[[38, 34], [37, 36]]"
sub-35,1,bn_only,metadata_order,0.5616438356164384,0.5616438356164384,0.5897435897435898,0.5494464252204916,146,73,83,"[[36, 37], [27, 46]]"
sub-36,1,bn_only,metadata_order,0.496551724137931,0.4962899543378996,0.4748201438848921,0.5020928462709285,145,72,67,"[[39, 34], [39, 33]]"
sub-37,1,bn_only,metadata_order,0.5163934426229508,0.5265120132560066,0.5042016806722689,0.5501242750621376,122,51,68,"[[33, 38], [21, 30]]"
sub-38,1,bn_only,metadata_order,0.4755244755244755,0.4748630672926447,0.5222929936305732,0.4994131455399061,143,72,85,"[[27, 44], [31, 41]]"
sub-40,1,bn_only,metadata_order,0.5314685314685315,0.5317025440313111,0.5314685314685315,0.4929549902152642,143,70,73,"[[38, 35], [32, 38]]"
sub-41,1,bn_only,metadata_order,0.5367647058823529,0.5354747999134761,0.4878048780487805,0.5221717499459225,136,67,56,"[[43, 26], [37, 30]]"
sub-42,1,bn_only,metadata_order,0.5144927536231884,0.5134538574731974,0.48854961832061067,0.476560857683414,138,67,64,"[[39, 32], [35, 32]]"
sub-45,1,bn_only,metadata_order,0.5177304964539007,0.5211522965350524,0.47692307692307695,0.4925463336019339,141,73,57,"[[42, 26], [42, 31]]"
sub-46,1,bn_only,metadata_order,0.45384615384615384,0.45357142857142857,0.432,0.48547619047619045,130,60,65,"[[32, 38], [33, 27]]"
sub-47,1,bn_only,metadata_order,0.6,0.5989345509893456,0.5245901639344263,0.6206240487062405,145,72,50,"[[55, 18], [40, 32]]"
sub-48,1,bn_only,metadata_order,0.4413793103448276,0.4407118385991625,0.4172661870503597,0.5390178911305672,145,71,68,"[[35, 39], [42, 29]]"
sub-49,1,bn_only,metadata_order,0.636986301369863,0.636986301369863,0.5391304347826087,0.6918746481516233,146,73,42,"[[62, 11], [42, 31]]"
sub-50,1,bn_only,metadata_order,0.6312056737588653,0.6301810865191146,0.6790123456790124,0.6790744466800804,141,71,91,"[[34, 36], [16, 55]]"
sub-51,1,bn_only,metadata_order,0.6131386861313869,0.6105543710021322,0.5546218487394958,0.6703624733475481,137,67,52,"[[51, 19], [34, 33]]"
sub-52,1,bn_only,metadata_order,0.41721854304635764,0.4165787623066104,0.4358974358974359,0.35372714486638535,151,79,77,"[[29, 43], [45, 34]]"
sub-53,1,bn_only,metadata_order,0.4444444444444444,0.4444444444444444,0.42857142857142855,0.45138888888888884,144,72,68,"[[34, 38], [42, 30]]"
sub-54,1,bn_only,metadata_order,0.5118110236220472,0.5110367063492063,0.45614035087719296,0.5166170634920634,127,63,51,"[[39, 25], [37, 26]]"
sub-55,1,bn_only,metadata_order,0.6258503401360545,0.6262495372084413,0.6451612903225806,0.6525360977415772,147,73,82,"[[42, 32], [23, 50]]"
sub-56,1,bn_only,metadata_order,0.4375,0.4375,0.4489795918367347,0.4286265432098765,144,72,75,"[[30, 42], [39, 33]]"
sub-57,1,bn_only,metadata_order,0.47244094488188976,0.47157947686116697,0.4369747899159664,0.45648893360160964,127,56,63,"[[34, 37], [30, 26]]"
sub-58,1,bn_only,metadata_order,0.4552238805970149,0.45385304659498205,0.4251968503937008,0.47827060931899645,134,62,65,"[[34, 38], [35, 27]]"
sub-59,1,bn_only,metadata_order,0.4772727272727273,0.47483260217039946,0.43902439024390244,0.4767951974139922,132,61,62,"[[36, 35], [34, 27]]"
sub-60,1,bn_only,metadata_order,0.5511811023622047,0.5511194029850747,0.5648854961832062,0.5194029850746268,127,67,64,"[[33, 27], [30, 37]]"
sub-61,1,bn_only,metadata_order,0.5202702702702703,0.5202702702702703,0.5298013245033113,0.5507669831994156,148,74,77,"[[37, 37], [34, 40]]"
sub-62,1,bn_only,metadata_order,0.5255474452554745,0.5241143832693129,0.49612403100775193,0.49935979513444306,137,66,63,"[[40, 31], [34, 32]]"
sub-63,1,bn_only,metadata_order,0.5428571428571428,0.5414025761602944,0.5675675675675675,0.4827233694540993,140,73,75,"[[34, 33], [31, 42]]"
sub-64,1,bn_only,metadata_order,0.5251798561151079,0.5251552795031056,0.5285714285714286,0.48509316770186334,139,70,70,"[[36, 33], [33, 37]]"
sub-65,1,bn_only,metadata_order,0.5116279069767442,0.5113022113022112,0.47058823529411764,0.5331695331695332,129,55,64,"[[38, 36], [27, 28]]"
sub-66,1,bn_only,metadata_order,0.5373134328358209,0.5369007803790413,0.5507246376811594,0.5418060200668896,134,69,69,"[[34, 31], [31, 38]]"
sub-67,1,bn_only,metadata_order,0.5,0.49906156156156156,0.45925925925925926,0.5439189189189189,146,72,63,"[[42, 32], [41, 31]]"
sub-68,1,bn_only,metadata_order,0.5342465753424658,0.5342465753424658,0.5211267605633803,0.5269281291048977,146,73,69,"[[41, 32], [36, 37]]"
sub-69,1,bn_only,metadata_order,0.48951048951048953,0.4876712328767123,0.43410852713178294,0.4626223091976517,143,70,59,"[[42, 31], [42, 28]]"
sub-70,1,bn_only,metadata_order,0.5323741007194245,0.5319875776397516,0.5038167938931297,0.503312629399586,139,69,62,"[[41, 29], [36, 33]]"
sub-71,1,bn_only,metadata_order,0.4859154929577465,0.4861111111111111,0.48226950354609927,0.5156746031746031,142,72,69,"[[35, 35], [38, 34]]"
sub-01,2,bn_only,metadata_order,0.5121951219512195,0.5088566827697263,0.4642857142857143,0.5077831454643048,123,54,58,"[[37, 32], [28, 26]]"
sub-02,2,bn_only,metadata_order,0.5597014925373134,0.5584821428571429,0.5354330708661418,0.5243303571428573,134,64,63,"[[41, 29], [30, 34]]"
sub-03,2,bn_only,metadata_order,0.43356643356643354,0.43434442270058704,0.4489795918367347,0.45499021526418787,143,70,77,"[[29, 44], [37, 33]]"
sub-04,2,bn_only,metadata_order,0.4696969696969697,0.6008064516129032,0.6153846153846154,0.5161290322580645,66,62,29,"[[3, 1], [34, 28]]"
sub-05,2,bn_only,metadata_order,0.5075757575757576,0.507118254879449,0.5255474452554745,0.5386911595866821,132,67,70,"[[31, 34], [31, 36]]"
sub-06,2,bn_only,metadata_order,0.45652173913043476,0.45840371621621623,0.45255474452554745,0.4579814189189189,138,64,73,"[[32, 42], [33, 31]]"
sub-07,2,bn_only,metadata_order,0.4961832061068702,0.49603174603174605,0.5074626865671642,0.4673202614379085,131,68,66,"[[31, 32], [34, 34]]"
sub-08,2,bn_only,metadata_order,0.49606299212598426,0.4957816377171216,0.4838709677419355,0.4878411910669975,127,62,62,"[[33, 32], [32, 30]]"
sub-09,2,bn_only,metadata_order,0.47244094488188976,0.47051474262868564,0.4369747899159664,0.44477761119440284,127,58,61,"[[34, 35], [32, 26]]"
sub-10,2,bn_only,metadata_order,0.4857142857142857,0.4843845682792407,0.5324675324675324,0.4735660338844662,140,71,83,"[[27, 42], [30, 41]]"
sub-11,2,bn_only,metadata_order,0.5076923076923077,0.5078125,0.5076923076923077,0.527935606060606,130,66,64,"[[33, 31], [33, 33]]"
sub-12,2,bn_only,metadata_order,0.4959349593495935,0.49800637958532695,0.5,0.5085061137692717,123,66,58,"[[30, 27], [35, 31]]"
sub-13,2,bn_only,metadata_order,0.5319148936170213,0.5323067632850241,0.5352112676056338,0.5348228663446054,141,69,73,"[[37, 35], [31, 38]]"
sub-14,2,bn_only,metadata_order,0.524822695035461,0.5243460764587525,0.48854961832061067,0.5211267605633803,141,70,61,"[[42, 29], [38, 32]]"
sub-15,2,bn_only,metadata_order,0.4589041095890411,0.45890410958904104,0.44755244755244755,0.4781384875211109,146,73,70,"[[35, 38], [41, 32]]"
sub-16,2,bn_only,metadata_order,0.496551724137931,0.496765601217656,0.48226950354609927,0.4636605783866058,145,73,68,"[[38, 34], [39, 34]]"
sub-17,2,bn_only,metadata_order,0.410958904109589,0.410958904109589,0.38571428571428573,0.4484893976355789,146,73,67,"[[33, 40], [46, 27]]"
sub-18,2,bn_only,metadata_order,0.4405594405594406,0.4423679060665362,0.4805194805194805,0.4577299412915852,143,70,84,"[[26, 47], [33, 37]]"
sub-19,2,bn_only,metadata_order,0.4791666666666667,0.47916666666666663,0.46808510638297873,0.45582561728395066,144,72,69,"[[36, 36], [39, 33]]"
sub-20,2,bn_only,metadata_order,0.5314685314685315,0.5282021151586369,0.47244094488188976,0.4764982373678026,143,69,58,"[[46, 28], [39, 30]]"
sub-21,2,bn_only,metadata_order,0.4881889763779528,0.4887152777777778,0.453781512605042,0.4489087301587302,127,64,55,"[[35, 28], [37, 27]]"
sub-22,2,bn_only,metadata_order,0.4931506849315068,0.4931506849315068,0.5542168674698795,0.47250891349221247,146,73,93,"[[26, 47], [27, 46]]"
sub-23,2,bn_only,metadata_order,0.5135135135135135,0.5135135135135135,0.52,0.48721694667640614,148,74,76,"[[37, 37], [35, 39]]"
sub-24,2,bn_only,metadata_order,0.45774647887323944,0.4579365079365079,0.46153846153846156,0.4311507936507937,142,70,73,"[[32, 40], [37, 33]]"
sub-25,2,bn_only,metadata_order,0.4657534246575342,0.4657534246575342,0.4507042253521127,0.4640645524488647,146,73,69,"[[36, 37], [41, 32]]"
sub-26,2,bn_only,metadata_order,0.5170068027210885,0.5170307293594965,0.5170068027210885,0.5194372454646428,147,74,73,"[[38, 35], [36, 38]]"
sub-27,2,bn_only,metadata_order,0.4421768707482993,0.4418733802295446,0.4675324675324675,0.43706034801925214,147,74,80,"[[29, 44], [38, 36]]"
sub-28,2,bn_only,metadata_order,0.48854961832061067,0.4828117591275486,0.42735042735042733,0.4660976766239924,131,57,60,"[[39, 35], [32, 25]]"
sub-29,2,bn_only,metadata_order,0.4931506849315068,0.49343093093093093,0.4861111111111111,0.48855105105105107,146,74,70,"[[37, 35], [39, 35]]"
sub-30,2,bn_only,metadata_order,0.5342465753424658,0.5342465753424657,0.5526315789473685,0.5212985550759992,146,73,79,"[[36, 37], [31, 42]]"
sub-31,2,bn_only,metadata_order,0.5069444444444444,0.5067528458421764,0.49645390070921985,0.5054987459000579,144,71,70,"[[38, 35], [36, 35]]"
sub-32,2,bn_only,metadata_order,0.48872180451127817,0.4884615384615385,0.47692307692307695,0.4995475113122172,133,65,65,"[[34, 34], [34, 31]]"
sub-33,2,bn_only,metadata_order,0.4689655172413793,0.468607305936073,0.43795620437956206,0.48021308980213095,145,72,65,"[[38, 35], [42, 30]]"
sub-34,2,bn_only,metadata_order,0.4482758620689655,0.4482496194824962,0.4520547945205479,0.47678843226788425,145,73,73,"[[32, 40], [40, 33]]"
sub-35,2,bn_only,metadata_order,0.5273972602739726,0.5273972602739726,0.5241379310344828,0.5344342278100958,146,73,72,"[[39, 34], [35, 38]]"
sub-36,2,bn_only,metadata_order,0.503448275862069,0.503234398782344,0.4857142857142857,0.5140791476407915,145,72,68,"[[39, 34], [38, 34]]"
sub-37,2,bn_only,metadata_order,0.4672131147540984,0.4704501518917426,0.43478260869565216,0.5070422535211268,122,51,64,"[[32, 39], [26, 25]]"
sub-38,2,bn_only,metadata_order,0.5244755244755245,0.5235719874804382,0.5802469135802469,0.4898278560250392,143,72,90,"[[28, 43], [25, 47]]"
sub-40,2,bn_only,metadata_order,0.5034965034965035,0.5040117416829746,0.5103448275862069,0.48962818003913894,143,70,75,"[[35, 38], [33, 37]]"
sub-41,2,bn_only,metadata_order,0.5588235294117647,0.5587280986372485,0.5522388059701493,0.5444516547696301,136,67,67,"[[39, 30], [30, 37]]"
sub-42,2,bn_only,metadata_order,0.5362318840579711,0.5337397519445028,0.4838709677419355,0.526382173638848,138,67,57,"[[44, 27], [37, 30]]"
sub-45,2,bn_only,metadata_order,0.5319148936170213,0.532836422240129,0.5285714285714286,0.5275987107171636,141,73,67,"[[38, 30], [36, 37]]"
sub-46,2,bn_only,metadata_order,0.46153846153846156,0.4630952380952381,0.453125,0.47904761904761906,130,60,68,"[[31, 39], [31, 29]]"
sub-47,2,bn_only,metadata_order,0.6896551724137931,0.6875951293759512,0.5544554455445545,0.8394216133942163,145,72,29,"[[72, 1], [44, 28]]"
sub-48,2,bn_only,metadata_order,0.5172413793103449,0.5170346402740769,0.5070422535211268,0.5034259611724401,145,71,71,"[[39, 35], [35, 36]]"
sub-49,2,bn_only,metadata_order,0.6301369863013698,0.6301369863013698,0.5645161290322581,0.6526552824169638,146,73,51,"[[57, 16], [38, 35]]"
sub-50,2,bn_only,metadata_order,0.6737588652482269,0.6725352112676056,0.7228915662650602,0.7096579476861167,141,71,95,"[[35, 35], [11, 60]]"
sub-51,2,bn_only,metadata_order,0.5474452554744526,0.5446695095948827,0.4745762711864407,0.616631130063966,137,67,51,"[[47, 23], [39, 28]]"
sub-52,2,bn_only,metadata_order,0.5695364238410596,0.5670710267229254,0.6012269938650306,0.5996835443037976,151,79,84,"[[37, 35], [30, 49]]"
sub-53,2,bn_only,metadata_order,0.4375,0.4375,0.4172661870503597,0.39583333333333326,144,72,67,"[[34, 38], [43, 29]]"
sub-54,2,bn_only,metadata_order,0.5354330708661418,0.5353422619047619,0.528,0.4655257936507937,127,63,62,"[[35, 29], [30, 33]]"
sub-55,2,bn_only,metadata_order,0.4965986394557823,0.49648278415401703,0.4861111111111111,0.5049981488337651,147,73,71,"[[38, 36], [38, 35]]"
sub-56,2,bn_only,metadata_order,0.4583333333333333,0.45833333333333337,0.48,0.44155092592592593,144,72,78,"[[30, 42], [36, 36]]"
sub-57,2,bn_only,metadata_order,0.5039370078740157,0.49786217303822944,0.4424778761061947,0.5040241448692153,127,56,57,"[[39, 32], [31, 25]]"
sub-58,2,bn_only,metadata_order,0.5298507462686567,0.5356182795698925,0.5467625899280576,0.5188172043010753,134,62,77,"[[33, 39], [24, 38]]"
sub-59,2,bn_only,metadata_order,0.4772727272727273,0.47483260217039946,0.43902439024390244,0.44770260909720616,132,61,62,"[[36, 35], [34, 27]]"
sub-60,2,bn_only,metadata_order,0.4881889763779528,0.48706467661691544,0.5112781954887218,0.4880597014925373,127,67,66,"[[28, 32], [33, 34]]"
sub-61,2,bn_only,metadata_order,0.4864864864864865,0.4864864864864865,0.49333333333333335,0.49926953981008043,148,74,76,"[[35, 39], [37, 37]]"
sub-62,2,bn_only,metadata_order,0.5182481751824818,0.5165386256935554,0.484375,0.4746052069995732,137,66,62,"[[40, 31], [35, 31]]"
sub-63,2,bn_only,metadata_order,0.5,0.5009200572480065,0.5,0.5017378859129012,140,73,67,"[[35, 32], [38, 35]]"
sub-64,2,bn_only,metadata_order,0.4748201438848921,0.4749482401656315,0.46715328467153283,0.5126293995859214,139,70,67,"[[34, 35], [38, 32]]"
sub-65,2,bn_only,metadata_order,0.5581395348837209,0.5635135135135134,0.5365853658536586,0.5560196560196559,129,55,68,"[[39, 35], [22, 33]]"
sub-66,2,bn_only,metadata_order,0.5373134328358209,0.5355629877369008,0.5694444444444444,0.5125975473801561,134,69,75,"[[31, 34], [28, 41]]"
sub-67,2,bn_only,metadata_order,0.5068493150684932,0.5056306306306306,0.45454545454545453,0.5097597597597598,146,72,60,"[[44, 30], [42, 30]]"
sub-68,2,bn_only,metadata_order,0.4794520547945205,0.4794520547945205,0.5,0.503471570651154,146,73,79,"[[32, 41], [35, 38]]"
sub-69,2,bn_only,metadata_order,0.4965034965034965,0.4959882583170254,0.4782608695652174,0.5158512720156555,143,70,68,"[[38, 35], [37, 33]]"
sub-70,2,bn_only,metadata_order,0.49640287769784175,0.49648033126294,0.5,0.5258799171842651,139,69,71,"[[34, 36], [34, 35]]"
sub-71,2,bn_only,metadata_order,0.5352112676056338,0.535515873015873,0.5285714285714286,0.5265873015873016,142,72,68,"[[39, 31], [35, 37]]"
